2026-08-17 11:21:39,386 [Worker-1: Loading available Gradle versions] INFO  o.e.b.c.i.u.g.PublishedGradleVersions - Gradle version information cache is not available. Remote download required.
2026-08-17 11:30:03,537 [ModalContext] INFO  o.e.m.c.i.e.AbstractTransferListenerAdapter - Downloading https://repo.maven.apache.org/maven2/org/apache/maven/archetypes/maven-archetype-webapp/1.5/maven-archetype-webapp-1.5.pom
2026-08-17 11:30:03,581 [ModalContext] INFO  o.e.m.c.i.e.AbstractTransferListenerAdapter - Downloaded https://repo.maven.apache.org/maven2/org/apache/maven/archetypes/maven-archetype-webapp/1.5/maven-archetype-webapp-1.5.pom
2026-08-17 11:30:03,661 [ModalContext] INFO  o.e.m.c.i.e.AbstractTransferListenerAdapter - Downloading https://repo.maven.apache.org/maven2/org/apache/maven/archetypes/maven-archetype-bundles/1.5/maven-archetype-bundles-1.5.pom
2026-08-17 11:30:03,998 [ModalContext] INFO  o.e.m.c.i.e.AbstractTransferListenerAdapter - Downloaded https://repo.maven.apache.org/maven2/org/apache/maven/archetypes/maven-archetype-bundles/1.5/maven-archetype-bundles-1.5.pom
2026-08-17 11:30:04,066 [ModalContext] INFO  o.e.m.c.i.e.AbstractTransferListenerAdapter - Downloading https://repo.maven.apache.org/maven2/org/apache/maven/maven-parent/43/maven-parent-43.pom
2026-08-17 11:30:04,130 [ModalContext] INFO  o.e.m.c.i.e.AbstractTransferListenerAdapter - Downloaded https://repo.maven.apache.org/maven2/org/apache/maven/maven-parent/43/maven-parent-43.pom
2026-08-17 11:30:04,202 [ModalContext] INFO  o.e.m.c.i.e.AbstractTransferListenerAdapter - Downloading https://repo.maven.apache.org/maven2/org/apache/apache/33/apache-33.pom
2026-08-17 11:30:04,658 [ModalContext] INFO  o.e.m.c.i.e.AbstractTransferListenerAdapter - Downloaded https://repo.maven.apache.org/maven2/org/apache/apache/33/apache-33.pom
2026-08-17 11:30:04,734 [ModalContext] INFO  o.e.m.c.i.e.AbstractTransferListenerAdapter - Downloading https://repo.maven.apache.org/maven2/org/junit/junit-bom/5.10.3/junit-bom-5.10.3.pom
2026-08-17 11:30:04,767 [ModalContext] INFO  o.e.m.c.i.e.AbstractTransferListenerAdapter - Downloaded https://repo.maven.apache.org/maven2/org/junit/junit-bom/5.10.3/junit-bom-5.10.3.pom
2026-08-17 11:30:04,837 [ModalContext] INFO  o.e.m.c.i.e.AbstractTransferListenerAdapter - Downloading https://repo.maven.apache.org/maven2/org/apache/maven/archetypes/maven-archetype-webapp/1.5/maven-archetype-webapp-1.5.jar
2026-08-17 11:30:05,034 [ModalContext] INFO  o.e.m.c.i.e.AbstractTransferListenerAdapter - Downloaded https://repo.maven.apache.org/maven2/org/apache/maven/archetypes/maven-archetype-webapp/1.5/maven-archetype-webapp-1.5.jar
2026-08-17 11:30:32,453 [Worker-10: Launching mavenrun-a55309c9-0e63-4bc8-806d-77a966bb364a] INFO  o.eclipse.m2e.core.internal.Bundles - getClasspathEntries(Bundle=org.eclipse.m2e.maven.runtime_3.9.1600.20260522-0510 [365])
2026-08-17 11:30:32,454 [Worker-10: Launching mavenrun-a55309c9-0e63-4bc8-806d-77a966bb364a] INFO  o.eclipse.m2e.core.internal.Bundles - 	Entry: C:\Users\student\Downloads\spring-tools-for-eclipse-5.3.0.RELEASE-e4.40.0-win32.win32.x86_64\sts-5.3.0.RELEASE\plugins\org.eclipse.m2e.maven.runtime_3.9.1600.20260522-0510
2026-08-17 11:30:32,454 [Worker-10: Launching mavenrun-a55309c9-0e63-4bc8-806d-77a966bb364a] INFO  o.eclipse.m2e.core.internal.Bundles - 	Entry: C:\Users\student\Downloads\spring-tools-for-eclipse-5.3.0.RELEASE-e4.40.0-win32.win32.x86_64\sts-5.3.0.RELEASE\plugins\org.eclipse.m2e.maven.runtime_3.9.1600.20260522-0510\jars\aopalliance-1.0.jar
2026-08-17 11:30:32,454 [Worker-10: Launching mavenrun-a55309c9-0e63-4bc8-806d-77a966bb364a] INFO  o.eclipse.m2e.core.internal.Bundles - 	Entry: C:\Users\student\Downloads\spring-tools-for-eclipse-5.3.0.RELEASE-e4.40.0-win32.win32.x86_64\sts-5.3.0.RELEASE\plugins\org.eclipse.m2e.maven.runtime_3.9.1600.20260522-0510\jars\asm-9.9.1.jar
2026-08-17 11:30:32,455 [Worker-10: Launching mavenrun-a55309c9-0e63-4bc8-806d-77a966bb364a] INFO  o.eclipse.m2e.core.internal.Bundles - 	Entry: C:\Users\student\Downloads\spring-tools-for-eclipse-5.3.0.RELEASE-e4.40.0-win32.win32.x86_64\sts-5.3.0.RELEASE\plugins\org.eclipse.m2e.maven.runtime_3.9.1600.20260522-0510\jars\error_prone_annotations-2.41.0.jar
2026-08-17 11:30:32,455 [Worker-10: Launching mavenrun-a55309c9-0e63-4bc8-806d-77a966bb364a] INFO  o.eclipse.m2e.core.internal.Bundles - 	Entry: C:\Users\student\Downloads\spring-tools-for-eclipse-5.3.0.RELEASE-e4.40.0-win32.win32.x86_64\sts-5.3.0.RELEASE\plugins\org.eclipse.m2e.maven.runtime_3.9.1600.20260522-0510\jars\gson-2.13.2.jar
2026-08-17 11:30:32,455 [Worker-10: Launching mavenrun-a55309c9-0e63-4bc8-806d-77a966bb364a] INFO  o.eclipse.m2e.core.internal.Bundles - 	Entry: C:\Users\student\Downloads\spring-tools-for-eclipse-5.3.0.RELEASE-e4.40.0-win32.win32.x86_64\sts-5.3.0.RELEASE\plugins\org.eclipse.m2e.maven.runtime_3.9.1600.20260522-0510\jars\guice-5.1.0-classes.jar
2026-08-17 11:30:32,455 [Worker-10: Launching mavenrun-a55309c9-0e63-4bc8-806d-77a966bb364a] INFO  o.eclipse.m2e.core.internal.Bundles - 	Entry: C:\Users\student\Downloads\spring-tools-for-eclipse-5.3.0.RELEASE-e4.40.0-win32.win32.x86_64\sts-5.3.0.RELEASE\plugins\org.eclipse.m2e.maven.runtime_3.9.1600.20260522-0510\jars\httpclient-4.5.14.jar
2026-08-17 11:30:32,455 [Worker-10: Launching mavenrun-a55309c9-0e63-4bc8-806d-77a966bb364a] INFO  o.eclipse.m2e.core.internal.Bundles - 	Entry: C:\Users\student\Downloads\spring-tools-for-eclipse-5.3.0.RELEASE-e4.40.0-win32.win32.x86_64\sts-5.3.0.RELEASE\plugins\org.eclipse.m2e.maven.runtime_3.9.1600.20260522-0510\jars\httpcore-4.4.16.jar
2026-08-17 11:30:32,455 [Worker-10: Launching mavenrun-a55309c9-0e63-4bc8-806d-77a966bb364a] INFO  o.eclipse.m2e.core.internal.Bundles - 	Entry: C:\Users\student\Downloads\spring-tools-for-eclipse-5.3.0.RELEASE-e4.40.0-win32.win32.x86_64\sts-5.3.0.RELEASE\plugins\org.eclipse.m2e.maven.runtime_3.9.1600.20260522-0510\jars\jansi-2.4.3.jar
2026-08-17 11:30:32,456 [Worker-10: Launching mavenrun-a55309c9-0e63-4bc8-806d-77a966bb364a] INFO  o.eclipse.m2e.core.internal.Bundles - 	Entry: C:\Users\student\Downloads\spring-tools-for-eclipse-5.3.0.RELEASE-e4.40.0-win32.win32.x86_64\sts-5.3.0.RELEASE\plugins\org.eclipse.m2e.maven.runtime_3.9.1600.20260522-0510\jars\jcl-over-slf4j-1.7.36.jar
2026-08-17 11:30:32,456 [Worker-10: Launching mavenrun-a55309c9-0e63-4bc8-806d-77a966bb364a] INFO  o.eclipse.m2e.core.internal.Bundles - 	Entry: C:\Users\student\Downloads\spring-tools-for-eclipse-5.3.0.RELEASE-e4.40.0-win32.win32.x86_64\sts-5.3.0.RELEASE\plugins\org.eclipse.m2e.maven.runtime_3.9.1600.20260522-0510\jars\maven-artifact-3.9.16.jar
2026-08-17 11:30:32,457 [Worker-10: Launching mavenrun-a55309c9-0e63-4bc8-806d-77a966bb364a] INFO  o.eclipse.m2e.core.internal.Bundles - 	Entry: C:\Users\student\Downloads\spring-tools-for-eclipse-5.3.0.RELEASE-e4.40.0-win32.win32.x86_64\sts-5.3.0.RELEASE\plugins\org.eclipse.m2e.maven.runtime_3.9.1600.20260522-0510\jars\maven-builder-support-3.9.16.jar
2026-08-17 11:30:32,458 [Worker-10: Launching mavenrun-a55309c9-0e63-4bc8-806d-77a966bb364a] INFO  o.eclipse.m2e.core.internal.Bundles - 	Entry: C:\Users\student\Downloads\spring-tools-for-eclipse-5.3.0.RELEASE-e4.40.0-win32.win32.x86_64\sts-5.3.0.RELEASE\plugins\org.eclipse.m2e.maven.runtime_3.9.1600.20260522-0510\jars\maven-compat-3.9.16.jar
2026-08-17 11:30:32,458 [Worker-10: Launching mavenrun-a55309c9-0e63-4bc8-806d-77a966bb364a] INFO  o.eclipse.m2e.core.internal.Bundles - 	Entry: C:\Users\student\Downloads\spring-tools-for-eclipse-5.3.0.RELEASE-e4.40.0-win32.win32.x86_64\sts-5.3.0.RELEASE\plugins\org.eclipse.m2e.maven.runtime_3.9.1600.20260522-0510\jars\maven-core-3.9.16.jar
2026-08-17 11:30:32,458 [Worker-10: Launching mavenrun-a55309c9-0e63-4bc8-806d-77a966bb364a] INFO  o.eclipse.m2e.core.internal.Bundles - 	Entry: C:\Users\student\Downloads\spring-tools-for-eclipse-5.3.0.RELEASE-e4.40.0-win32.win32.x86_64\sts-5.3.0.RELEASE\plugins\org.eclipse.m2e.maven.runtime_3.9.1600.20260522-0510\jars\maven-embedder-3.9.16.jar
2026-08-17 11:30:32,459 [Worker-10: Launching mavenrun-a55309c9-0e63-4bc8-806d-77a966bb364a] INFO  o.eclipse.m2e.core.internal.Bundles - 	Entry: C:\Users\student\Downloads\spring-tools-for-eclipse-5.3.0.RELEASE-e4.40.0-win32.win32.x86_64\sts-5.3.0.RELEASE\plugins\org.eclipse.m2e.maven.runtime_3.9.1600.20260522-0510\jars\maven-model-3.9.16.jar
2026-08-17 11:30:32,459 [Worker-10: Launching mavenrun-a55309c9-0e63-4bc8-806d-77a966bb364a] INFO  o.eclipse.m2e.core.internal.Bundles - 	Entry: C:\Users\student\Downloads\spring-tools-for-eclipse-5.3.0.RELEASE-e4.40.0-win32.win32.x86_64\sts-5.3.0.RELEASE\plugins\org.eclipse.m2e.maven.runtime_3.9.1600.20260522-0510\jars\maven-model-builder-3.9.16.jar
2026-08-17 11:30:32,459 [Worker-10: Launching mavenrun-a55309c9-0e63-4bc8-806d-77a966bb364a] INFO  o.eclipse.m2e.core.internal.Bundles - 	Entry: C:\Users\student\Downloads\spring-tools-for-eclipse-5.3.0.RELEASE-e4.40.0-win32.win32.x86_64\sts-5.3.0.RELEASE\plugins\org.eclipse.m2e.maven.runtime_3.9.1600.20260522-0510\jars\maven-plugin-api-3.9.16.jar
2026-08-17 11:30:32,459 [Worker-10: Launching mavenrun-a55309c9-0e63-4bc8-806d-77a966bb364a] INFO  o.eclipse.m2e.core.internal.Bundles - 	Entry: C:\Users\student\Downloads\spring-tools-for-eclipse-5.3.0.RELEASE-e4.40.0-win32.win32.x86_64\sts-5.3.0.RELEASE\plugins\org.eclipse.m2e.maven.runtime_3.9.1600.20260522-0510\jars\maven-repository-metadata-3.9.16.jar
2026-08-17 11:30:32,460 [Worker-10: Launching mavenrun-a55309c9-0e63-4bc8-806d-77a966bb364a] INFO  o.eclipse.m2e.core.internal.Bundles - 	Entry: C:\Users\student\Downloads\spring-tools-for-eclipse-5.3.0.RELEASE-e4.40.0-win32.win32.x86_64\sts-5.3.0.RELEASE\plugins\org.eclipse.m2e.maven.runtime_3.9.1600.20260522-0510\jars\maven-resolver-api-1.9.27.jar
2026-08-17 11:30:32,460 [Worker-10: Launching mavenrun-a55309c9-0e63-4bc8-806d-77a966bb364a] INFO  o.eclipse.m2e.core.internal.Bundles - 	Entry: C:\Users\student\Downloads\spring-tools-for-eclipse-5.3.0.RELEASE-e4.40.0-win32.win32.x86_64\sts-5.3.0.RELEASE\plugins\org.eclipse.m2e.maven.runtime_3.9.1600.20260522-0510\jars\maven-resolver-connector-basic-1.9.27.jar
2026-08-17 11:30:32,461 [Worker-10: Launching mavenrun-a55309c9-0e63-4bc8-806d-77a966bb364a] INFO  o.eclipse.m2e.core.internal.Bundles - 	Entry: C:\Users\student\Downloads\spring-tools-for-eclipse-5.3.0.RELEASE-e4.40.0-win32.win32.x86_64\sts-5.3.0.RELEASE\plugins\org.eclipse.m2e.maven.runtime_3.9.1600.20260522-0510\jars\maven-resolver-impl-1.9.27.jar
2026-08-17 11:30:32,461 [Worker-10: Launching mavenrun-a55309c9-0e63-4bc8-806d-77a966bb364a] INFO  o.eclipse.m2e.core.internal.Bundles - 	Entry: C:\Users\student\Downloads\spring-tools-for-eclipse-5.3.0.RELEASE-e4.40.0-win32.win32.x86_64\sts-5.3.0.RELEASE\plugins\org.eclipse.m2e.maven.runtime_3.9.1600.20260522-0510\jars\maven-resolver-named-locks-1.9.27.jar
2026-08-17 11:30:32,461 [Worker-10: Launching mavenrun-a55309c9-0e63-4bc8-806d-77a966bb364a] INFO  o.eclipse.m2e.core.internal.Bundles - 	Entry: C:\Users\student\Downloads\spring-tools-for-eclipse-5.3.0.RELEASE-e4.40.0-win32.win32.x86_64\sts-5.3.0.RELEASE\plugins\org.eclipse.m2e.maven.runtime_3.9.1600.20260522-0510\jars\maven-resolver-provider-3.9.16.jar
2026-08-17 11:30:32,461 [Worker-10: Launching mavenrun-a55309c9-0e63-4bc8-806d-77a966bb364a] INFO  o.eclipse.m2e.core.internal.Bundles - 	Entry: C:\Users\student\Downloads\spring-tools-for-eclipse-5.3.0.RELEASE-e4.40.0-win32.win32.x86_64\sts-5.3.0.RELEASE\plugins\org.eclipse.m2e.maven.runtime_3.9.1600.20260522-0510\jars\maven-resolver-spi-1.9.27.jar
2026-08-17 11:30:32,461 [Worker-10: Launching mavenrun-a55309c9-0e63-4bc8-806d-77a966bb364a] INFO  o.eclipse.m2e.core.internal.Bundles - 	Entry: C:\Users\student\Downloads\spring-tools-for-eclipse-5.3.0.RELEASE-e4.40.0-win32.win32.x86_64\sts-5.3.0.RELEASE\plugins\org.eclipse.m2e.maven.runtime_3.9.1600.20260522-0510\jars\maven-resolver-transport-file-1.9.27.jar
2026-08-17 11:30:32,461 [Worker-10: Launching mavenrun-a55309c9-0e63-4bc8-806d-77a966bb364a] INFO  o.eclipse.m2e.core.internal.Bundles - 	Entry: C:\Users\student\Downloads\spring-tools-for-eclipse-5.3.0.RELEASE-e4.40.0-win32.win32.x86_64\sts-5.3.0.RELEASE\plugins\org.eclipse.m2e.maven.runtime_3.9.1600.20260522-0510\jars\maven-resolver-transport-http-1.9.27.jar
2026-08-17 11:30:32,462 [Worker-10: Launching mavenrun-a55309c9-0e63-4bc8-806d-77a966bb364a] INFO  o.eclipse.m2e.core.internal.Bundles - 	Entry: C:\Users\student\Downloads\spring-tools-for-eclipse-5.3.0.RELEASE-e4.40.0-win32.win32.x86_64\sts-5.3.0.RELEASE\plugins\org.eclipse.m2e.maven.runtime_3.9.1600.20260522-0510\jars\maven-resolver-transport-wagon-1.9.27.jar
2026-08-17 11:30:32,462 [Worker-10: Launching mavenrun-a55309c9-0e63-4bc8-806d-77a966bb364a] INFO  o.eclipse.m2e.core.internal.Bundles - 	Entry: C:\Users\student\Downloads\spring-tools-for-eclipse-5.3.0.RELEASE-e4.40.0-win32.win32.x86_64\sts-5.3.0.RELEASE\plugins\org.eclipse.m2e.maven.runtime_3.9.1600.20260522-0510\jars\maven-resolver-util-1.9.27.jar
2026-08-17 11:30:32,462 [Worker-10: Launching mavenrun-a55309c9-0e63-4bc8-806d-77a966bb364a] INFO  o.eclipse.m2e.core.internal.Bundles - 	Entry: C:\Users\student\Downloads\spring-tools-for-eclipse-5.3.0.RELEASE-e4.40.0-win32.win32.x86_64\sts-5.3.0.RELEASE\plugins\org.eclipse.m2e.maven.runtime_3.9.1600.20260522-0510\jars\maven-settings-3.9.16.jar
2026-08-17 11:30:32,462 [Worker-10: Launching mavenrun-a55309c9-0e63-4bc8-806d-77a966bb364a] INFO  o.eclipse.m2e.core.internal.Bundles - 	Entry: C:\Users\student\Downloads\spring-tools-for-eclipse-5.3.0.RELEASE-e4.40.0-win32.win32.x86_64\sts-5.3.0.RELEASE\plugins\org.eclipse.m2e.maven.runtime_3.9.1600.20260522-0510\jars\maven-settings-builder-3.9.16.jar
2026-08-17 11:30:32,463 [Worker-10: Launching mavenrun-a55309c9-0e63-4bc8-806d-77a966bb364a] INFO  o.eclipse.m2e.core.internal.Bundles - 	Entry: C:\Users\student\Downloads\spring-tools-for-eclipse-5.3.0.RELEASE-e4.40.0-win32.win32.x86_64\sts-5.3.0.RELEASE\plugins\org.eclipse.m2e.maven.runtime_3.9.1600.20260522-0510\jars\maven-shared-utils-3.4.2.jar
2026-08-17 11:30:32,463 [Worker-10: Launching mavenrun-a55309c9-0e63-4bc8-806d-77a966bb364a] INFO  o.eclipse.m2e.core.internal.Bundles - 	Entry: C:\Users\student\Downloads\spring-tools-for-eclipse-5.3.0.RELEASE-e4.40.0-win32.win32.x86_64\sts-5.3.0.RELEASE\plugins\org.eclipse.m2e.maven.runtime_3.9.1600.20260522-0510\jars\org.eclipse.sisu.inject-1.0.0.jar
2026-08-17 11:30:32,463 [Worker-10: Launching mavenrun-a55309c9-0e63-4bc8-806d-77a966bb364a] INFO  o.eclipse.m2e.core.internal.Bundles - 	Entry: C:\Users\student\Downloads\spring-tools-for-eclipse-5.3.0.RELEASE-e4.40.0-win32.win32.x86_64\sts-5.3.0.RELEASE\plugins\org.eclipse.m2e.maven.runtime_3.9.1600.20260522-0510\jars\org.eclipse.sisu.plexus-1.0.0.jar
2026-08-17 11:30:32,463 [Worker-10: Launching mavenrun-a55309c9-0e63-4bc8-806d-77a966bb364a] INFO  o.eclipse.m2e.core.internal.Bundles - 	Entry: C:\Users\student\Downloads\spring-tools-for-eclipse-5.3.0.RELEASE-e4.40.0-win32.win32.x86_64\sts-5.3.0.RELEASE\plugins\org.eclipse.m2e.maven.runtime_3.9.1600.20260522-0510\jars\plexus-build-api-0.0.7.jar
2026-08-17 11:30:32,463 [Worker-10: Launching mavenrun-a55309c9-0e63-4bc8-806d-77a966bb364a] INFO  o.eclipse.m2e.core.internal.Bundles - 	Entry: C:\Users\student\Downloads\spring-tools-for-eclipse-5.3.0.RELEASE-e4.40.0-win32.win32.x86_64\sts-5.3.0.RELEASE\plugins\org.eclipse.m2e.maven.runtime_3.9.1600.20260522-0510\jars\plexus-build-api-1.2.0.jar
2026-08-17 11:30:32,463 [Worker-10: Launching mavenrun-a55309c9-0e63-4bc8-806d-77a966bb364a] INFO  o.eclipse.m2e.core.internal.Bundles - 	Entry: C:\Users\student\Downloads\spring-tools-for-eclipse-5.3.0.RELEASE-e4.40.0-win32.win32.x86_64\sts-5.3.0.RELEASE\plugins\org.eclipse.m2e.maven.runtime_3.9.1600.20260522-0510\jars\plexus-cipher-2.0.jar
2026-08-17 11:30:32,464 [Worker-10: Launching mavenrun-a55309c9-0e63-4bc8-806d-77a966bb364a] INFO  o.eclipse.m2e.core.internal.Bundles - 	Entry: C:\Users\student\Downloads\spring-tools-for-eclipse-5.3.0.RELEASE-e4.40.0-win32.win32.x86_64\sts-5.3.0.RELEASE\plugins\org.eclipse.m2e.maven.runtime_3.9.1600.20260522-0510\jars\plexus-classworlds-2.11.0.jar
2026-08-17 11:30:32,464 [Worker-10: Launching mavenrun-a55309c9-0e63-4bc8-806d-77a966bb364a] INFO  o.eclipse.m2e.core.internal.Bundles - 	Entry: C:\Users\student\Downloads\spring-tools-for-eclipse-5.3.0.RELEASE-e4.40.0-win32.win32.x86_64\sts-5.3.0.RELEASE\plugins\org.eclipse.m2e.maven.runtime_3.9.1600.20260522-0510\jars\plexus-component-annotations-2.2.0.jar
2026-08-17 11:30:32,464 [Worker-10: Launching mavenrun-a55309c9-0e63-4bc8-806d-77a966bb364a] INFO  o.eclipse.m2e.core.internal.Bundles - 	Entry: C:\Users\student\Downloads\spring-tools-for-eclipse-5.3.0.RELEASE-e4.40.0-win32.win32.x86_64\sts-5.3.0.RELEASE\plugins\org.eclipse.m2e.maven.runtime_3.9.1600.20260522-0510\jars\plexus-interpolation-1.29.jar
2026-08-17 11:30:32,464 [Worker-10: Launching mavenrun-a55309c9-0e63-4bc8-806d-77a966bb364a] INFO  o.eclipse.m2e.core.internal.Bundles - 	Entry: C:\Users\student\Downloads\spring-tools-for-eclipse-5.3.0.RELEASE-e4.40.0-win32.win32.x86_64\sts-5.3.0.RELEASE\plugins\org.eclipse.m2e.maven.runtime_3.9.1600.20260522-0510\jars\plexus-sec-dispatcher-2.0.jar
2026-08-17 11:30:32,464 [Worker-10: Launching mavenrun-a55309c9-0e63-4bc8-806d-77a966bb364a] INFO  o.eclipse.m2e.core.internal.Bundles - 	Entry: C:\Users\student\Downloads\spring-tools-for-eclipse-5.3.0.RELEASE-e4.40.0-win32.win32.x86_64\sts-5.3.0.RELEASE\plugins\org.eclipse.m2e.maven.runtime_3.9.1600.20260522-0510\jars\plexus-utils-3.6.1.jar
2026-08-17 11:30:32,464 [Worker-10: Launching mavenrun-a55309c9-0e63-4bc8-806d-77a966bb364a] INFO  o.eclipse.m2e.core.internal.Bundles - 	Entry: C:\Users\student\Downloads\spring-tools-for-eclipse-5.3.0.RELEASE-e4.40.0-win32.win32.x86_64\sts-5.3.0.RELEASE\plugins\org.eclipse.m2e.maven.runtime_3.9.1600.20260522-0510\jars\wagon-file-3.5.3.jar
2026-08-17 11:30:32,464 [Worker-10: Launching mavenrun-a55309c9-0e63-4bc8-806d-77a966bb364a] INFO  o.eclipse.m2e.core.internal.Bundles - 	Entry: C:\Users\student\Downloads\spring-tools-for-eclipse-5.3.0.RELEASE-e4.40.0-win32.win32.x86_64\sts-5.3.0.RELEASE\plugins\org.eclipse.m2e.maven.runtime_3.9.1600.20260522-0510\jars\wagon-http-3.5.3.jar
2026-08-17 11:30:32,465 [Worker-10: Launching mavenrun-a55309c9-0e63-4bc8-806d-77a966bb364a] INFO  o.eclipse.m2e.core.internal.Bundles - 	Entry: C:\Users\student\Downloads\spring-tools-for-eclipse-5.3.0.RELEASE-e4.40.0-win32.win32.x86_64\sts-5.3.0.RELEASE\plugins\org.eclipse.m2e.maven.runtime_3.9.1600.20260522-0510\jars\wagon-http-shared-3.5.3.jar
2026-08-17 11:30:32,465 [Worker-10: Launching mavenrun-a55309c9-0e63-4bc8-806d-77a966bb364a] INFO  o.eclipse.m2e.core.internal.Bundles - 	Entry: C:\Users\student\Downloads\spring-tools-for-eclipse-5.3.0.RELEASE-e4.40.0-win32.win32.x86_64\sts-5.3.0.RELEASE\plugins\org.eclipse.m2e.maven.runtime_3.9.1600.20260522-0510\jars\wagon-provider-api-3.5.3.jar
2026-08-17 11:30:32,466 [Worker-10: Launching mavenrun-a55309c9-0e63-4bc8-806d-77a966bb364a] INFO  o.eclipse.m2e.core.internal.Bundles - getClasspathEntries(Bundle=com.google.guava_33.6.0.jre [24])
2026-08-17 11:30:32,467 [Worker-10: Launching mavenrun-a55309c9-0e63-4bc8-806d-77a966bb364a] INFO  o.eclipse.m2e.core.internal.Bundles - 	Entry: C:\Users\student\Downloads\spring-tools-for-eclipse-5.3.0.RELEASE-e4.40.0-win32.win32.x86_64\sts-5.3.0.RELEASE\plugins\com.google.guava_33.6.0.jre.jar
2026-08-17 11:30:32,467 [Worker-10: Launching mavenrun-a55309c9-0e63-4bc8-806d-77a966bb364a] INFO  o.eclipse.m2e.core.internal.Bundles - getClasspathEntries(Bundle=slf4j.api_2.0.18 [612])
2026-08-17 11:30:32,467 [Worker-10: Launching mavenrun-a55309c9-0e63-4bc8-806d-77a966bb364a] INFO  o.eclipse.m2e.core.internal.Bundles - 	Entry: C:\Users\student\Downloads\spring-tools-for-eclipse-5.3.0.RELEASE-e4.40.0-win32.win32.x86_64\sts-5.3.0.RELEASE\plugins\slf4j.api_2.0.18.jar
2026-08-17 11:30:32,467 [Worker-10: Launching mavenrun-a55309c9-0e63-4bc8-806d-77a966bb364a] INFO  o.eclipse.m2e.core.internal.Bundles - getClasspathEntries(Bundle=jakarta.inject.jakarta.inject-api_1.0.5 [39])
2026-08-17 11:30:32,468 [Worker-10: Launching mavenrun-a55309c9-0e63-4bc8-806d-77a966bb364a] INFO  o.eclipse.m2e.core.internal.Bundles - 	Entry: C:\Users\student\Downloads\spring-tools-for-eclipse-5.3.0.RELEASE-e4.40.0-win32.win32.x86_64\sts-5.3.0.RELEASE\plugins\jakarta.inject.jakarta.inject-api_1.0.5.jar
2026-08-17 11:30:32,468 [Worker-10: Launching mavenrun-a55309c9-0e63-4bc8-806d-77a966bb364a] INFO  o.eclipse.m2e.core.internal.Bundles - getClasspathEntries(Bundle=jakarta.annotation-api_1.3.5 [36])
2026-08-17 11:30:32,469 [Worker-10: Launching mavenrun-a55309c9-0e63-4bc8-806d-77a966bb364a] INFO  o.eclipse.m2e.core.internal.Bundles - 	Entry: C:\Users\student\Downloads\spring-tools-for-eclipse-5.3.0.RELEASE-e4.40.0-win32.win32.x86_64\sts-5.3.0.RELEASE\plugins\jakarta.annotation-api_1.3.5.jar
2026-08-17 11:30:32,469 [Worker-10: Launching mavenrun-a55309c9-0e63-4bc8-806d-77a966bb364a] INFO  o.eclipse.m2e.core.internal.Bundles - getClasspathEntries(Bundle=org.apache.commons.cli_1.11.0 [78])
2026-08-17 11:30:32,469 [Worker-10: Launching mavenrun-a55309c9-0e63-4bc8-806d-77a966bb364a] INFO  o.eclipse.m2e.core.internal.Bundles - 	Entry: C:\Users\student\Downloads\spring-tools-for-eclipse-5.3.0.RELEASE-e4.40.0-win32.win32.x86_64\sts-5.3.0.RELEASE\plugins\org.apache.commons.cli_1.11.0.jar
2026-08-17 11:30:32,469 [Worker-10: Launching mavenrun-a55309c9-0e63-4bc8-806d-77a966bb364a] INFO  o.eclipse.m2e.core.internal.Bundles - getClasspathEntries(Bundle=org.apache.commons.commons-codec_1.22.0 [80])
2026-08-17 11:30:32,469 [Worker-10: Launching mavenrun-a55309c9-0e63-4bc8-806d-77a966bb364a] INFO  o.eclipse.m2e.core.internal.Bundles - 	Entry: C:\Users\student\Downloads\spring-tools-for-eclipse-5.3.0.RELEASE-e4.40.0-win32.win32.x86_64\sts-5.3.0.RELEASE\plugins\org.apache.commons.commons-codec_1.22.0.jar
2026-08-17 11:30:32,470 [Worker-10: Launching mavenrun-a55309c9-0e63-4bc8-806d-77a966bb364a] INFO  o.eclipse.m2e.core.internal.Bundles - getClasspathEntries(Bundle=com.google.guava.failureaccess_1.0.3 [25])
2026-08-17 11:30:32,470 [Worker-10: Launching mavenrun-a55309c9-0e63-4bc8-806d-77a966bb364a] INFO  o.eclipse.m2e.core.internal.Bundles - 	Entry: C:\Users\student\Downloads\spring-tools-for-eclipse-5.3.0.RELEASE-e4.40.0-win32.win32.x86_64\sts-5.3.0.RELEASE\plugins\com.google.guava.failureaccess_1.0.3.jar
2026-08-17 11:30:32,476 [Worker-10: Launching mavenrun-a55309c9-0e63-4bc8-806d-77a966bb364a] INFO  o.e.m.i.launch.MavenLaunchDelegate - Run build in "C:\Users\student\AppData\Local\Temp\m2e-archetypeGenerator4007017311688871566":
2026-08-17 11:30:32,485 [Worker-10: Launching mavenrun-a55309c9-0e63-4bc8-806d-77a966bb364a] INFO  o.e.m.i.launch.MavenLaunchDelegate -  mvn  -DarchetypeGroupId=org.apache.maven.archetypes -DarchetypeArtifactId=maven-archetype-webapp -DarchetypeVersion=1.5 -DgroupId=org.example -DartifactId=IOC -Dversion=0.0.1-SNAPSHOT -Dpackage=org.example.IOC -DoutputDirectory=D:\INDRA -Dstyle.color=always -U archetype:generate
2026-08-17 11:31:16,341 [Worker-7: Creating maven-archetype-webapp] INFO  o.e.m.c.i.p.ProjectConfigurationManager - Collecting project info '/pom.xml' D:\INDRA\IOC\pom.xml
2026-08-17 11:31:17,001 [Worker-7: Creating maven-archetype-webapp] INFO  o.e.m.c.i.e.AbstractTransferListenerAdapter - Downloading https://repo.maven.apache.org/maven2/org/apache/maven/plugins/maven-clean-plugin/3.4.0/maven-clean-plugin-3.4.0.jar
2026-08-17 11:31:17,300 [Worker-7: Creating maven-archetype-webapp] INFO  o.e.m.c.i.e.AbstractTransferListenerAdapter - Downloaded https://repo.maven.apache.org/maven2/org/apache/maven/plugins/maven-clean-plugin/3.4.0/maven-clean-plugin-3.4.0.jar
2026-08-17 11:31:17,491 [Worker-7: Creating maven-archetype-webapp] INFO  o.e.m.c.i.e.AbstractTransferListenerAdapter - Downloading https://repo.maven.apache.org/maven2/org/apache/maven/plugins/maven-resources-plugin/3.3.1/maven-resources-plugin-3.3.1.jar
2026-08-17 11:31:17,767 [Worker-7: Creating maven-archetype-webapp] INFO  o.e.m.c.i.e.AbstractTransferListenerAdapter - Downloaded https://repo.maven.apache.org/maven2/org/apache/maven/plugins/maven-resources-plugin/3.3.1/maven-resources-plugin-3.3.1.jar
2026-08-17 11:31:17,948 [Worker-7: Creating maven-archetype-webapp] INFO  o.e.m.c.i.e.AbstractTransferListenerAdapter - Downloading https://repo.maven.apache.org/maven2/org/apache/maven/plugins/maven-compiler-plugin/3.13.0/maven-compiler-plugin-3.13.0.jar
2026-08-17 11:31:17,992 [Worker-7: Creating maven-archetype-webapp] INFO  o.e.m.c.i.e.AbstractTransferListenerAdapter - Downloaded https://repo.maven.apache.org/maven2/org/apache/maven/plugins/maven-compiler-plugin/3.13.0/maven-compiler-plugin-3.13.0.jar
2026-08-17 11:31:18,085 [Worker-7: Creating maven-archetype-webapp] INFO  o.e.m.c.i.e.AbstractTransferListenerAdapter - Downloading https://repo.maven.apache.org/maven2/org/apache/maven/plugins/maven-surefire-plugin/3.3.0/maven-surefire-plugin-3.3.0.jar
2026-08-17 11:31:18,340 [Worker-7: Creating maven-archetype-webapp] INFO  o.e.m.c.i.e.AbstractTransferListenerAdapter - Downloaded https://repo.maven.apache.org/maven2/org/apache/maven/plugins/maven-surefire-plugin/3.3.0/maven-surefire-plugin-3.3.0.jar
2026-08-17 11:31:18,499 [Worker-7: Creating maven-archetype-webapp] INFO  o.e.m.c.i.e.AbstractTransferListenerAdapter - Downloading https://repo.maven.apache.org/maven2/org/apache/maven/plugins/maven-war-plugin/3.4.0/maven-war-plugin-3.4.0.jar
2026-08-17 11:31:18,547 [Worker-7: Creating maven-archetype-webapp] INFO  o.e.m.c.i.e.AbstractTransferListenerAdapter - Downloaded https://repo.maven.apache.org/maven2/org/apache/maven/plugins/maven-war-plugin/3.4.0/maven-war-plugin-3.4.0.jar
2026-08-17 11:31:18,634 [Worker-7: Creating maven-archetype-webapp] INFO  o.e.m.c.i.e.AbstractTransferListenerAdapter - Downloading https://repo.maven.apache.org/maven2/org/apache/maven/plugins/maven-install-plugin/3.1.2/maven-install-plugin-3.1.2.jar
2026-08-17 11:31:18,875 [Worker-7: Creating maven-archetype-webapp] INFO  o.e.m.c.i.e.AbstractTransferListenerAdapter - Downloaded https://repo.maven.apache.org/maven2/org/apache/maven/plugins/maven-install-plugin/3.1.2/maven-install-plugin-3.1.2.jar
2026-08-17 11:31:19,029 [Worker-7: Creating maven-archetype-webapp] INFO  o.e.m.c.i.e.AbstractTransferListenerAdapter - Downloading https://repo.maven.apache.org/maven2/org/apache/maven/plugins/maven-deploy-plugin/3.1.2/maven-deploy-plugin-3.1.2.jar
2026-08-17 11:31:19,296 [Worker-7: Creating maven-archetype-webapp] INFO  o.e.m.c.i.e.AbstractTransferListenerAdapter - Downloaded https://repo.maven.apache.org/maven2/org/apache/maven/plugins/maven-deploy-plugin/3.1.2/maven-deploy-plugin-3.1.2.jar
2026-08-17 11:31:19,519 [Worker-7: Creating maven-archetype-webapp] INFO  o.e.m.c.i.e.AbstractTransferListenerAdapter - Downloading https://repo.maven.apache.org/maven2/org/apache/maven/plugins/maven-compiler-plugin/3.13.0/maven-compiler-plugin-3.13.0.pom
2026-08-17 11:31:19,549 [Worker-7: Creating maven-archetype-webapp] INFO  o.e.m.c.i.e.AbstractTransferListenerAdapter - Downloaded https://repo.maven.apache.org/maven2/org/apache/maven/plugins/maven-compiler-plugin/3.13.0/maven-compiler-plugin-3.13.0.pom
2026-08-17 11:31:19,631 [Worker-7: Creating maven-archetype-webapp] INFO  o.e.m.c.i.e.AbstractTransferListenerAdapter - Downloading https://repo.maven.apache.org/maven2/org/apache/maven/plugins/maven-plugins/41/maven-plugins-41.pom
2026-08-17 11:31:19,678 [Worker-7: Creating maven-archetype-webapp] INFO  o.e.m.c.i.e.AbstractTransferListenerAdapter - Downloaded https://repo.maven.apache.org/maven2/org/apache/maven/plugins/maven-plugins/41/maven-plugins-41.pom
2026-08-17 11:31:19,962 [Worker-7: Creating maven-archetype-webapp] INFO  o.e.m.c.i.e.AbstractTransferListenerAdapter - Downloading https://repo.maven.apache.org/maven2/commons-io/commons-io/2.11.0/commons-io-2.11.0.pom
2026-08-17 11:31:20,015 [Worker-7: Creating maven-archetype-webapp] INFO  o.e.m.c.i.e.AbstractTransferListenerAdapter - Downloaded https://repo.maven.apache.org/maven2/commons-io/commons-io/2.11.0/commons-io-2.11.0.pom
2026-08-17 11:31:20,095 [Worker-7: Creating maven-archetype-webapp] INFO  o.e.m.c.i.e.AbstractTransferListenerAdapter - Downloading https://repo.maven.apache.org/maven2/org/apache/commons/commons-parent/52/commons-parent-52.pom
2026-08-17 11:31:20,125 [Worker-7: Creating maven-archetype-webapp] INFO  o.e.m.c.i.e.AbstractTransferListenerAdapter - Downloaded https://repo.maven.apache.org/maven2/org/apache/commons/commons-parent/52/commons-parent-52.pom
2026-08-17 11:31:20,193 [Worker-7: Creating maven-archetype-webapp] INFO  o.e.m.c.i.e.AbstractTransferListenerAdapter - Downloading https://repo.maven.apache.org/maven2/org/apache/apache/23/apache-23.pom
2026-08-17 11:31:20,256 [Worker-7: Creating maven-archetype-webapp] INFO  o.e.m.c.i.e.AbstractTransferListenerAdapter - Downloaded https://repo.maven.apache.org/maven2/org/apache/apache/23/apache-23.pom
2026-08-17 11:31:20,338 [Worker-7: Creating maven-archetype-webapp] INFO  o.e.m.c.i.e.AbstractTransferListenerAdapter - Downloading https://repo.maven.apache.org/maven2/org/junit/junit-bom/5.7.2/junit-bom-5.7.2.pom
2026-08-17 11:31:20,406 [Worker-7: Creating maven-archetype-webapp] INFO  o.e.m.c.i.e.AbstractTransferListenerAdapter - Downloaded https://repo.maven.apache.org/maven2/org/junit/junit-bom/5.7.2/junit-bom-5.7.2.pom
2026-08-17 11:31:20,481 [Worker-7: Creating maven-archetype-webapp] INFO  o.e.m.c.i.e.AbstractTransferListenerAdapter - Downloading https://repo.maven.apache.org/maven2/org/apache/maven/shared/maven-shared-incremental/1.1/maven-shared-incremental-1.1.pom
2026-08-17 11:31:20,535 [Worker-7: Creating maven-archetype-webapp] INFO  o.e.m.c.i.e.AbstractTransferListenerAdapter - Downloaded https://repo.maven.apache.org/maven2/org/apache/maven/shared/maven-shared-incremental/1.1/maven-shared-incremental-1.1.pom
2026-08-17 11:31:20,605 [Worker-7: Creating maven-archetype-webapp] INFO  o.e.m.c.i.e.AbstractTransferListenerAdapter - Downloading https://repo.maven.apache.org/maven2/org/apache/maven/shared/maven-shared-components/19/maven-shared-components-19.pom
2026-08-17 11:31:20,638 [Worker-7: Creating maven-archetype-webapp] INFO  o.e.m.c.i.e.AbstractTransferListenerAdapter - Downloaded https://repo.maven.apache.org/maven2/org/apache/maven/shared/maven-shared-components/19/maven-shared-components-19.pom
2026-08-17 11:31:20,705 [Worker-7: Creating maven-archetype-webapp] INFO  o.e.m.c.i.e.AbstractTransferListenerAdapter - Downloading https://repo.maven.apache.org/maven2/org/apache/maven/maven-parent/23/maven-parent-23.pom
2026-08-17 11:31:20,735 [Worker-7: Creating maven-archetype-webapp] INFO  o.e.m.c.i.e.AbstractTransferListenerAdapter - Downloaded https://repo.maven.apache.org/maven2/org/apache/maven/maven-parent/23/maven-parent-23.pom
2026-08-17 11:31:20,800 [Worker-7: Creating maven-archetype-webapp] INFO  o.e.m.c.i.e.AbstractTransferListenerAdapter - Downloading https://repo.maven.apache.org/maven2/org/apache/apache/13/apache-13.pom
2026-08-17 11:31:20,840 [Worker-7: Creating maven-archetype-webapp] INFO  o.e.m.c.i.e.AbstractTransferListenerAdapter - Downloaded https://repo.maven.apache.org/maven2/org/apache/apache/13/apache-13.pom
2026-08-17 11:31:20,913 [Worker-7: Creating maven-archetype-webapp] INFO  o.e.m.c.i.e.AbstractTransferListenerAdapter - Downloading https://repo.maven.apache.org/maven2/org/codehaus/plexus/plexus-java/1.2.0/plexus-java-1.2.0.pom
2026-08-17 11:31:20,953 [Worker-7: Creating maven-archetype-webapp] INFO  o.e.m.c.i.e.AbstractTransferListenerAdapter - Downloaded https://repo.maven.apache.org/maven2/org/codehaus/plexus/plexus-java/1.2.0/plexus-java-1.2.0.pom
2026-08-17 11:31:21,024 [Worker-7: Creating maven-archetype-webapp] INFO  o.e.m.c.i.e.AbstractTransferListenerAdapter - Downloading https://repo.maven.apache.org/maven2/org/codehaus/plexus/plexus-languages/1.2.0/plexus-languages-1.2.0.pom
2026-08-17 11:31:21,116 [Worker-7: Creating maven-archetype-webapp] INFO  o.e.m.c.i.e.AbstractTransferListenerAdapter - Downloaded https://repo.maven.apache.org/maven2/org/codehaus/plexus/plexus-languages/1.2.0/plexus-languages-1.2.0.pom
2026-08-17 11:31:21,185 [Worker-7: Creating maven-archetype-webapp] INFO  o.e.m.c.i.e.AbstractTransferListenerAdapter - Downloading https://repo.maven.apache.org/maven2/org/codehaus/plexus/plexus/15/plexus-15.pom
2026-08-17 11:31:21,221 [Worker-7: Creating maven-archetype-webapp] INFO  o.e.m.c.i.e.AbstractTransferListenerAdapter - Downloaded https://repo.maven.apache.org/maven2/org/codehaus/plexus/plexus/15/plexus-15.pom
2026-08-17 11:31:21,292 [Worker-7: Creating maven-archetype-webapp] INFO  o.e.m.c.i.e.AbstractTransferListenerAdapter - Downloading https://repo.maven.apache.org/maven2/org/junit/junit-bom/5.10.0/junit-bom-5.10.0.pom
2026-08-17 11:31:21,315 [Worker-7: Creating maven-archetype-webapp] INFO  o.e.m.c.i.e.AbstractTransferListenerAdapter - Downloaded https://repo.maven.apache.org/maven2/org/junit/junit-bom/5.10.0/junit-bom-5.10.0.pom
2026-08-17 11:31:21,381 [Worker-7: Creating maven-archetype-webapp] INFO  o.e.m.c.i.e.AbstractTransferListenerAdapter - Downloading https://repo.maven.apache.org/maven2/org/ow2/asm/asm/9.6/asm-9.6.pom
2026-08-17 11:31:21,414 [Worker-7: Creating maven-archetype-webapp] INFO  o.e.m.c.i.e.AbstractTransferListenerAdapter - Downloaded https://repo.maven.apache.org/maven2/org/ow2/asm/asm/9.6/asm-9.6.pom
2026-08-17 11:31:21,485 [Worker-7: Creating maven-archetype-webapp] INFO  o.e.m.c.i.e.AbstractTransferListenerAdapter - Downloading https://repo.maven.apache.org/maven2/org/ow2/ow2/1.5.1/ow2-1.5.1.pom
2026-08-17 11:31:21,538 [Worker-7: Creating maven-archetype-webapp] INFO  o.e.m.c.i.e.AbstractTransferListenerAdapter - Downloaded https://repo.maven.apache.org/maven2/org/ow2/ow2/1.5.1/ow2-1.5.1.pom
2026-08-17 11:31:21,613 [Worker-7: Creating maven-archetype-webapp] INFO  o.e.m.c.i.e.AbstractTransferListenerAdapter - Downloading https://repo.maven.apache.org/maven2/com/thoughtworks/qdox/qdox/2.0.3/qdox-2.0.3.pom
2026-08-17 11:31:21,680 [Worker-7: Creating maven-archetype-webapp] INFO  o.e.m.c.i.e.AbstractTransferListenerAdapter - Downloaded https://repo.maven.apache.org/maven2/com/thoughtworks/qdox/qdox/2.0.3/qdox-2.0.3.pom
2026-08-17 11:31:21,754 [Worker-7: Creating maven-archetype-webapp] INFO  o.e.m.c.i.e.AbstractTransferListenerAdapter - Downloading https://repo.maven.apache.org/maven2/org/sonatype/oss/oss-parent/9/oss-parent-9.pom
2026-08-17 11:31:21,844 [Worker-7: Creating maven-archetype-webapp] INFO  o.e.m.c.i.e.AbstractTransferListenerAdapter - Downloaded https://repo.maven.apache.org/maven2/org/sonatype/oss/oss-parent/9/oss-parent-9.pom
2026-08-17 11:31:21,935 [Worker-7: Creating maven-archetype-webapp] INFO  o.e.m.c.i.e.AbstractTransferListenerAdapter - Downloading https://repo.maven.apache.org/maven2/org/codehaus/plexus/plexus-compiler-api/2.15.0/plexus-compiler-api-2.15.0.pom
2026-08-17 11:31:21,970 [Worker-7: Creating maven-archetype-webapp] INFO  o.e.m.c.i.e.AbstractTransferListenerAdapter - Downloaded https://repo.maven.apache.org/maven2/org/codehaus/plexus/plexus-compiler-api/2.15.0/plexus-compiler-api-2.15.0.pom
2026-08-17 11:31:22,038 [Worker-7: Creating maven-archetype-webapp] INFO  o.e.m.c.i.e.AbstractTransferListenerAdapter - Downloading https://repo.maven.apache.org/maven2/org/codehaus/plexus/plexus-compiler/2.15.0/plexus-compiler-2.15.0.pom
2026-08-17 11:31:22,136 [Worker-7: Creating maven-archetype-webapp] INFO  o.e.m.c.i.e.AbstractTransferListenerAdapter - Downloaded https://repo.maven.apache.org/maven2/org/codehaus/plexus/plexus-compiler/2.15.0/plexus-compiler-2.15.0.pom
2026-08-17 11:31:22,206 [Worker-7: Creating maven-archetype-webapp] INFO  o.e.m.c.i.e.AbstractTransferListenerAdapter - Downloading https://repo.maven.apache.org/maven2/org/codehaus/plexus/plexus/17/plexus-17.pom
2026-08-17 11:31:22,242 [Worker-7: Creating maven-archetype-webapp] INFO  o.e.m.c.i.e.AbstractTransferListenerAdapter - Downloaded https://repo.maven.apache.org/maven2/org/codehaus/plexus/plexus/17/plexus-17.pom
2026-08-17 11:31:22,336 [Worker-7: Creating maven-archetype-webapp] INFO  o.e.m.c.i.e.AbstractTransferListenerAdapter - Downloading https://repo.maven.apache.org/maven2/org/codehaus/plexus/plexus-utils/4.0.0/plexus-utils-4.0.0.pom
2026-08-17 11:31:22,378 [Worker-7: Creating maven-archetype-webapp] INFO  o.e.m.c.i.e.AbstractTransferListenerAdapter - Downloaded https://repo.maven.apache.org/maven2/org/codehaus/plexus/plexus-utils/4.0.0/plexus-utils-4.0.0.pom
2026-08-17 11:31:22,444 [Worker-7: Creating maven-archetype-webapp] INFO  o.e.m.c.i.e.AbstractTransferListenerAdapter - Downloading https://repo.maven.apache.org/maven2/org/codehaus/plexus/plexus/13/plexus-13.pom
2026-08-17 11:31:22,504 [Worker-7: Creating maven-archetype-webapp] INFO  o.e.m.c.i.e.AbstractTransferListenerAdapter - Downloaded https://repo.maven.apache.org/maven2/org/codehaus/plexus/plexus/13/plexus-13.pom
2026-08-17 11:31:22,573 [Worker-7: Creating maven-archetype-webapp] INFO  o.e.m.c.i.e.AbstractTransferListenerAdapter - Downloading https://repo.maven.apache.org/maven2/org/junit/junit-bom/5.9.3/junit-bom-5.9.3.pom
2026-08-17 11:31:22,596 [Worker-7: Creating maven-archetype-webapp] INFO  o.e.m.c.i.e.AbstractTransferListenerAdapter - Downloaded https://repo.maven.apache.org/maven2/org/junit/junit-bom/5.9.3/junit-bom-5.9.3.pom
2026-08-17 11:31:22,670 [Worker-7: Creating maven-archetype-webapp] INFO  o.e.m.c.i.e.AbstractTransferListenerAdapter - Downloading https://repo.maven.apache.org/maven2/org/codehaus/plexus/plexus-compiler-manager/2.15.0/plexus-compiler-manager-2.15.0.pom
2026-08-17 11:31:22,724 [Worker-7: Creating maven-archetype-webapp] INFO  o.e.m.c.i.e.AbstractTransferListenerAdapter - Downloaded https://repo.maven.apache.org/maven2/org/codehaus/plexus/plexus-compiler-manager/2.15.0/plexus-compiler-manager-2.15.0.pom
2026-08-17 11:31:22,820 [Worker-7: Creating maven-archetype-webapp] INFO  o.e.m.c.i.e.AbstractTransferListenerAdapter - Downloading https://repo.maven.apache.org/maven2/org/codehaus/plexus/plexus-xml/3.0.0/plexus-xml-3.0.0.pom
2026-08-17 11:31:22,859 [Worker-7: Creating maven-archetype-webapp] INFO  o.e.m.c.i.e.AbstractTransferListenerAdapter - Downloaded https://repo.maven.apache.org/maven2/org/codehaus/plexus/plexus-xml/3.0.0/plexus-xml-3.0.0.pom
2026-08-17 11:31:22,929 [Worker-7: Creating maven-archetype-webapp] INFO  o.e.m.c.i.e.AbstractTransferListenerAdapter - Downloading https://repo.maven.apache.org/maven2/org/codehaus/plexus/plexus-compiler-javac/2.15.0/plexus-compiler-javac-2.15.0.pom
2026-08-17 11:31:22,976 [Worker-7: Creating maven-archetype-webapp] INFO  o.e.m.c.i.e.AbstractTransferListenerAdapter - Downloaded https://repo.maven.apache.org/maven2/org/codehaus/plexus/plexus-compiler-javac/2.15.0/plexus-compiler-javac-2.15.0.pom
2026-08-17 11:31:23,053 [Worker-7: Creating maven-archetype-webapp] INFO  o.e.m.c.i.e.AbstractTransferListenerAdapter - Downloading https://repo.maven.apache.org/maven2/org/codehaus/plexus/plexus-compilers/2.15.0/plexus-compilers-2.15.0.pom
2026-08-17 11:31:23,077 [Worker-7: Creating maven-archetype-webapp] INFO  o.e.m.c.i.e.AbstractTransferListenerAdapter - Downloaded https://repo.maven.apache.org/maven2/org/codehaus/plexus/plexus-compilers/2.15.0/plexus-compilers-2.15.0.pom
2026-08-17 11:31:23,159 [Worker-7: Creating maven-archetype-webapp] INFO  o.e.m.c.i.e.AbstractTransferListenerAdapter - Downloading https://repo.maven.apache.org/maven2/commons-io/commons-io/2.11.0/commons-io-2.11.0.jar
2026-08-17 11:31:23,232 [Worker-7: Creating maven-archetype-webapp] INFO  o.e.m.c.i.e.AbstractTransferListenerAdapter - Downloaded https://repo.maven.apache.org/maven2/commons-io/commons-io/2.11.0/commons-io-2.11.0.jar
2026-08-17 11:31:23,283 [BasicRepositoryConnector-repo.maven.apache.org-0-2] INFO  o.e.m.c.i.e.AbstractTransferListenerAdapter - Downloading https://repo.maven.apache.org/maven2/org/ow2/asm/asm/9.6/asm-9.6.jar
2026-08-17 11:31:23,351 [BasicRepositoryConnector-repo.maven.apache.org-0-3] INFO  o.e.m.c.i.e.AbstractTransferListenerAdapter - Downloading https://repo.maven.apache.org/maven2/com/thoughtworks/qdox/qdox/2.0.3/qdox-2.0.3.jar
2026-08-17 11:31:23,357 [BasicRepositoryConnector-repo.maven.apache.org-0-0] INFO  o.e.m.c.i.e.AbstractTransferListenerAdapter - Downloading https://repo.maven.apache.org/maven2/org/apache/maven/shared/maven-shared-incremental/1.1/maven-shared-incremental-1.1.jar
2026-08-17 11:31:23,357 [BasicRepositoryConnector-repo.maven.apache.org-0-1] INFO  o.e.m.c.i.e.AbstractTransferListenerAdapter - Downloading https://repo.maven.apache.org/maven2/org/codehaus/plexus/plexus-java/1.2.0/plexus-java-1.2.0.jar
2026-08-17 11:31:23,369 [BasicRepositoryConnector-repo.maven.apache.org-0-4] INFO  o.e.m.c.i.e.AbstractTransferListenerAdapter - Downloading https://repo.maven.apache.org/maven2/org/codehaus/plexus/plexus-compiler-api/2.15.0/plexus-compiler-api-2.15.0.jar
2026-08-17 11:31:23,421 [BasicRepositoryConnector-repo.maven.apache.org-0-2] INFO  o.e.m.c.i.e.AbstractTransferListenerAdapter - Downloaded https://repo.maven.apache.org/maven2/org/ow2/asm/asm/9.6/asm-9.6.jar
2026-08-17 11:31:23,457 [BasicRepositoryConnector-repo.maven.apache.org-0-3] INFO  o.e.m.c.i.e.AbstractTransferListenerAdapter - Downloaded https://repo.maven.apache.org/maven2/com/thoughtworks/qdox/qdox/2.0.3/qdox-2.0.3.jar
2026-08-17 11:31:23,468 [BasicRepositoryConnector-repo.maven.apache.org-0-1] INFO  o.e.m.c.i.e.AbstractTransferListenerAdapter - Downloaded https://repo.maven.apache.org/maven2/org/codehaus/plexus/plexus-java/1.2.0/plexus-java-1.2.0.jar
2026-08-17 11:31:23,475 [BasicRepositoryConnector-repo.maven.apache.org-0-2] INFO  o.e.m.c.i.e.AbstractTransferListenerAdapter - Downloading https://repo.maven.apache.org/maven2/org/codehaus/plexus/plexus-compiler-manager/2.15.0/plexus-compiler-manager-2.15.0.jar
2026-08-17 11:31:23,504 [BasicRepositoryConnector-repo.maven.apache.org-0-3] INFO  o.e.m.c.i.e.AbstractTransferListenerAdapter - Downloading https://repo.maven.apache.org/maven2/org/codehaus/plexus/plexus-xml/3.0.0/plexus-xml-3.0.0.jar
2026-08-17 11:31:23,519 [BasicRepositoryConnector-repo.maven.apache.org-0-1] INFO  o.e.m.c.i.e.AbstractTransferListenerAdapter - Downloading https://repo.maven.apache.org/maven2/org/codehaus/plexus/plexus-compiler-javac/2.15.0/plexus-compiler-javac-2.15.0.jar
2026-08-17 11:31:23,551 [BasicRepositoryConnector-repo.maven.apache.org-0-3] INFO  o.e.m.c.i.e.AbstractTransferListenerAdapter - Downloaded https://repo.maven.apache.org/maven2/org/codehaus/plexus/plexus-xml/3.0.0/plexus-xml-3.0.0.jar
2026-08-17 11:31:23,590 [BasicRepositoryConnector-repo.maven.apache.org-0-2] INFO  o.e.m.c.i.e.AbstractTransferListenerAdapter - Downloaded https://repo.maven.apache.org/maven2/org/codehaus/plexus/plexus-compiler-manager/2.15.0/plexus-compiler-manager-2.15.0.jar
2026-08-17 11:31:23,602 [BasicRepositoryConnector-repo.maven.apache.org-0-3] INFO  o.e.m.c.i.e.AbstractTransferListenerAdapter - Downloading https://repo.maven.apache.org/maven2/org/codehaus/plexus/plexus-utils/4.0.0/plexus-utils-4.0.0.jar
2026-08-17 11:31:23,617 [BasicRepositoryConnector-repo.maven.apache.org-0-0] INFO  o.e.m.c.i.e.AbstractTransferListenerAdapter - Downloaded https://repo.maven.apache.org/maven2/org/apache/maven/shared/maven-shared-incremental/1.1/maven-shared-incremental-1.1.jar
2026-08-17 11:31:23,674 [BasicRepositoryConnector-repo.maven.apache.org-0-3] INFO  o.e.m.c.i.e.AbstractTransferListenerAdapter - Downloaded https://repo.maven.apache.org/maven2/org/codehaus/plexus/plexus-utils/4.0.0/plexus-utils-4.0.0.jar
2026-08-17 11:31:23,747 [BasicRepositoryConnector-repo.maven.apache.org-0-1] INFO  o.e.m.c.i.e.AbstractTransferListenerAdapter - Downloaded https://repo.maven.apache.org/maven2/org/codehaus/plexus/plexus-compiler-javac/2.15.0/plexus-compiler-javac-2.15.0.jar
2026-08-17 11:31:23,747 [BasicRepositoryConnector-repo.maven.apache.org-0-4] INFO  o.e.m.c.i.e.AbstractTransferListenerAdapter - Downloaded https://repo.maven.apache.org/maven2/org/codehaus/plexus/plexus-compiler-api/2.15.0/plexus-compiler-api-2.15.0.jar
2026-08-17 11:31:24,322 [Worker-7: Creating maven-archetype-webapp] INFO  o.e.m.c.i.l.LifecycleMappingFactory - Using org.maven.ide.eclipse.wtp.WarLifecycleMapping lifecycle mapping for MavenProject: org.example:IOC:0.0.1-SNAPSHOT @ D:\INDRA\IOC\pom.xml.
2026-08-17 11:31:24,383 [Worker-7: Creating maven-archetype-webapp] INFO  o.e.m.c.i.e.AbstractTransferListenerAdapter - Downloading https://repo.maven.apache.org/maven2/junit/junit/4.13.1/junit-4.13.1.pom
2026-08-17 11:31:24,441 [Worker-7: Creating maven-archetype-webapp] INFO  o.e.m.c.i.e.AbstractTransferListenerAdapter - Downloaded https://repo.maven.apache.org/maven2/junit/junit/4.13.1/junit-4.13.1.pom
2026-08-17 11:31:24,508 [Worker-7: Creating maven-archetype-webapp] INFO  o.e.m.c.i.e.AbstractTransferListenerAdapter - Downloading https://repo.maven.apache.org/maven2/org/hamcrest/hamcrest-core/1.3/hamcrest-core-1.3.pom
2026-08-17 11:31:24,541 [Worker-7: Creating maven-archetype-webapp] INFO  o.e.m.c.i.e.AbstractTransferListenerAdapter - Downloaded https://repo.maven.apache.org/maven2/org/hamcrest/hamcrest-core/1.3/hamcrest-core-1.3.pom
2026-08-17 11:31:24,606 [Worker-7: Creating maven-archetype-webapp] INFO  o.e.m.c.i.e.AbstractTransferListenerAdapter - Downloading https://repo.maven.apache.org/maven2/org/hamcrest/hamcrest-parent/1.3/hamcrest-parent-1.3.pom
2026-08-17 11:31:24,657 [Worker-7: Creating maven-archetype-webapp] INFO  o.e.m.c.i.e.AbstractTransferListenerAdapter - Downloaded https://repo.maven.apache.org/maven2/org/hamcrest/hamcrest-parent/1.3/hamcrest-parent-1.3.pom
2026-08-17 11:31:24,720 [Worker-7: Creating maven-archetype-webapp] INFO  o.e.m.c.i.e.AbstractTransferListenerAdapter - Downloading https://repo.maven.apache.org/maven2/junit/junit/4.13.1/junit-4.13.1.jar
2026-08-17 11:31:24,814 [Worker-7: Creating maven-archetype-webapp] INFO  o.e.m.c.i.e.AbstractTransferListenerAdapter - Downloaded https://repo.maven.apache.org/maven2/junit/junit/4.13.1/junit-4.13.1.jar
2026-08-17 11:31:24,865 [BasicRepositoryConnector-repo.maven.apache.org-1-0] INFO  o.e.m.c.i.e.AbstractTransferListenerAdapter - Downloading https://repo.maven.apache.org/maven2/org/hamcrest/hamcrest-core/1.3/hamcrest-core-1.3.jar
2026-08-17 11:31:25,452 [BasicRepositoryConnector-repo.maven.apache.org-1-0] INFO  o.e.m.c.i.e.AbstractTransferListenerAdapter - Downloaded https://repo.maven.apache.org/maven2/org/hamcrest/hamcrest-core/1.3/hamcrest-core-1.3.jar
2026-08-17 11:31:25,706 [Worker-7: Creating maven-archetype-webapp] INFO  o.e.m.c.i.e.AbstractTransferListenerAdapter - Downloading https://repo.maven.apache.org/maven2/org/apache/maven/plugins/maven-resources-plugin/3.3.1/maven-resources-plugin-3.3.1.pom
2026-08-17 11:31:25,731 [Worker-7: Creating maven-archetype-webapp] INFO  o.e.m.c.i.e.AbstractTransferListenerAdapter - Downloaded https://repo.maven.apache.org/maven2/org/apache/maven/plugins/maven-resources-plugin/3.3.1/maven-resources-plugin-3.3.1.pom
2026-08-17 11:31:25,795 [Worker-7: Creating maven-archetype-webapp] INFO  o.e.m.c.i.e.AbstractTransferListenerAdapter - Downloading https://repo.maven.apache.org/maven2/org/apache/maven/plugins/maven-plugins/39/maven-plugins-39.pom
2026-08-17 11:31:25,818 [Worker-7: Creating maven-archetype-webapp] INFO  o.e.m.c.i.e.AbstractTransferListenerAdapter - Downloaded https://repo.maven.apache.org/maven2/org/apache/maven/plugins/maven-plugins/39/maven-plugins-39.pom
2026-08-17 11:31:25,902 [Worker-7: Creating maven-archetype-webapp] INFO  o.e.m.c.i.e.AbstractTransferListenerAdapter - Downloading https://repo.maven.apache.org/maven2/org/apache/maven/plugins/maven-surefire-plugin/3.3.0/maven-surefire-plugin-3.3.0.pom
2026-08-17 11:31:25,924 [Worker-7: Creating maven-archetype-webapp] INFO  o.e.m.c.i.e.AbstractTransferListenerAdapter - Downloaded https://repo.maven.apache.org/maven2/org/apache/maven/plugins/maven-surefire-plugin/3.3.0/maven-surefire-plugin-3.3.0.pom
2026-08-17 11:31:26,010 [Worker-7: Creating maven-archetype-webapp] INFO  o.e.m.c.i.e.AbstractTransferListenerAdapter - Downloading https://repo.maven.apache.org/maven2/org/apache/maven/surefire/surefire/3.3.0/surefire-3.3.0.pom
2026-08-17 11:31:26,081 [Worker-7: Creating maven-archetype-webapp] INFO  o.e.m.c.i.e.AbstractTransferListenerAdapter - Downloaded https://repo.maven.apache.org/maven2/org/apache/maven/surefire/surefire/3.3.0/surefire-3.3.0.pom
2026-08-17 11:31:26,206 [Worker-7: Creating maven-archetype-webapp] INFO  o.e.m.c.i.e.AbstractTransferListenerAdapter - Downloading https://repo.maven.apache.org/maven2/org/apache/maven/plugins/maven-war-plugin/3.4.0/maven-war-plugin-3.4.0.pom
2026-08-17 11:31:26,252 [Worker-7: Creating maven-archetype-webapp] INFO  o.e.m.c.i.e.AbstractTransferListenerAdapter - Downloaded https://repo.maven.apache.org/maven2/org/apache/maven/plugins/maven-war-plugin/3.4.0/maven-war-plugin-3.4.0.pom
2026-08-17 11:31:26,330 [Worker-7: Creating maven-archetype-webapp] INFO  o.e.m.c.i.e.AbstractTransferListenerAdapter - Downloading https://repo.maven.apache.org/maven2/org/apache/maven/maven-archiver/3.6.0/maven-archiver-3.6.0.pom
2026-08-17 11:31:26,376 [Worker-7: Creating maven-archetype-webapp] INFO  o.e.m.c.i.e.AbstractTransferListenerAdapter - Downloaded https://repo.maven.apache.org/maven2/org/apache/maven/maven-archiver/3.6.0/maven-archiver-3.6.0.pom
2026-08-17 11:31:26,441 [Worker-7: Creating maven-archetype-webapp] INFO  o.e.m.c.i.e.AbstractTransferListenerAdapter - Downloading https://repo.maven.apache.org/maven2/org/apache/maven/shared/maven-shared-components/36/maven-shared-components-36.pom
2026-08-17 11:31:26,469 [Worker-7: Creating maven-archetype-webapp] INFO  o.e.m.c.i.e.AbstractTransferListenerAdapter - Downloaded https://repo.maven.apache.org/maven2/org/apache/maven/shared/maven-shared-components/36/maven-shared-components-36.pom
2026-08-17 11:31:26,586 [Worker-7: Creating maven-archetype-webapp] INFO  o.e.m.c.i.e.AbstractTransferListenerAdapter - Downloading https://repo.maven.apache.org/maven2/org/codehaus/plexus/plexus-io/3.4.0/plexus-io-3.4.0.pom
2026-08-17 11:31:26,629 [Worker-7: Creating maven-archetype-webapp] INFO  o.e.m.c.i.e.AbstractTransferListenerAdapter - Downloaded https://repo.maven.apache.org/maven2/org/codehaus/plexus/plexus-io/3.4.0/plexus-io-3.4.0.pom
2026-08-17 11:31:26,701 [Worker-7: Creating maven-archetype-webapp] INFO  o.e.m.c.i.e.AbstractTransferListenerAdapter - Downloading https://repo.maven.apache.org/maven2/org/codehaus/plexus/plexus/10/plexus-10.pom
2026-08-17 11:31:26,736 [Worker-7: Creating maven-archetype-webapp] INFO  o.e.m.c.i.e.AbstractTransferListenerAdapter - Downloaded https://repo.maven.apache.org/maven2/org/codehaus/plexus/plexus/10/plexus-10.pom
2026-08-17 11:31:26,806 [Worker-7: Creating maven-archetype-webapp] INFO  o.e.m.c.i.e.AbstractTransferListenerAdapter - Downloading https://repo.maven.apache.org/maven2/org/codehaus/plexus/plexus-utils/3.5.0/plexus-utils-3.5.0.pom
2026-08-17 11:31:26,838 [Worker-7: Creating maven-archetype-webapp] INFO  o.e.m.c.i.e.AbstractTransferListenerAdapter - Downloaded https://repo.maven.apache.org/maven2/org/codehaus/plexus/plexus-utils/3.5.0/plexus-utils-3.5.0.pom
2026-08-17 11:31:26,919 [Worker-7: Creating maven-archetype-webapp] INFO  o.e.m.c.i.e.AbstractTransferListenerAdapter - Downloading https://repo.maven.apache.org/maven2/org/codehaus/plexus/plexus-archiver/4.4.0/plexus-archiver-4.4.0.pom
2026-08-17 11:31:26,965 [Worker-7: Creating maven-archetype-webapp] INFO  o.e.m.c.i.e.AbstractTransferListenerAdapter - Downloaded https://repo.maven.apache.org/maven2/org/codehaus/plexus/plexus-archiver/4.4.0/plexus-archiver-4.4.0.pom
2026-08-17 11:31:27,054 [Worker-7: Creating maven-archetype-webapp] INFO  o.e.m.c.i.e.AbstractTransferListenerAdapter - Downloading https://repo.maven.apache.org/maven2/org/apache/commons/commons-compress/1.21/commons-compress-1.21.pom
2026-08-17 11:31:27,097 [Worker-7: Creating maven-archetype-webapp] INFO  o.e.m.c.i.e.AbstractTransferListenerAdapter - Downloaded https://repo.maven.apache.org/maven2/org/apache/commons/commons-compress/1.21/commons-compress-1.21.pom
2026-08-17 11:31:27,170 [Worker-7: Creating maven-archetype-webapp] INFO  o.e.m.c.i.e.AbstractTransferListenerAdapter - Downloading https://repo.maven.apache.org/maven2/org/iq80/snappy/snappy/0.4/snappy-0.4.pom
2026-08-17 11:31:27,203 [Worker-7: Creating maven-archetype-webapp] INFO  o.e.m.c.i.e.AbstractTransferListenerAdapter - Downloaded https://repo.maven.apache.org/maven2/org/iq80/snappy/snappy/0.4/snappy-0.4.pom
2026-08-17 11:31:27,287 [Worker-7: Creating maven-archetype-webapp] INFO  o.e.m.c.i.e.AbstractTransferListenerAdapter - Downloading https://repo.maven.apache.org/maven2/org/codehaus/plexus/plexus-interpolation/1.26/plexus-interpolation-1.26.pom
2026-08-17 11:31:27,323 [Worker-7: Creating maven-archetype-webapp] INFO  o.e.m.c.i.e.AbstractTransferListenerAdapter - Downloaded https://repo.maven.apache.org/maven2/org/codehaus/plexus/plexus-interpolation/1.26/plexus-interpolation-1.26.pom
2026-08-17 11:31:27,404 [Worker-7: Creating maven-archetype-webapp] INFO  o.e.m.c.i.e.AbstractTransferListenerAdapter - Downloading https://repo.maven.apache.org/maven2/org/codehaus/plexus/plexus/5.1/plexus-5.1.pom
2026-08-17 11:31:27,458 [Worker-7: Creating maven-archetype-webapp] INFO  o.e.m.c.i.e.AbstractTransferListenerAdapter - Downloaded https://repo.maven.apache.org/maven2/org/codehaus/plexus/plexus/5.1/plexus-5.1.pom
2026-08-17 11:31:27,560 [Worker-7: Creating maven-archetype-webapp] INFO  o.e.m.c.i.e.AbstractTransferListenerAdapter - Downloading https://repo.maven.apache.org/maven2/commons-io/commons-io/2.13.0/commons-io-2.13.0.pom
2026-08-17 11:31:27,601 [Worker-7: Creating maven-archetype-webapp] INFO  o.e.m.c.i.e.AbstractTransferListenerAdapter - Downloaded https://repo.maven.apache.org/maven2/commons-io/commons-io/2.13.0/commons-io-2.13.0.pom
2026-08-17 11:31:27,677 [Worker-7: Creating maven-archetype-webapp] INFO  o.e.m.c.i.e.AbstractTransferListenerAdapter - Downloading https://repo.maven.apache.org/maven2/org/apache/commons/commons-parent/58/commons-parent-58.pom
2026-08-17 11:31:27,709 [Worker-7: Creating maven-archetype-webapp] INFO  o.e.m.c.i.e.AbstractTransferListenerAdapter - Downloaded https://repo.maven.apache.org/maven2/org/apache/commons/commons-parent/58/commons-parent-58.pom
2026-08-17 11:31:27,777 [Worker-7: Creating maven-archetype-webapp] INFO  o.e.m.c.i.e.AbstractTransferListenerAdapter - Downloading https://repo.maven.apache.org/maven2/org/codehaus/plexus/plexus-archiver/4.7.1/plexus-archiver-4.7.1.pom
2026-08-17 11:31:27,833 [Worker-7: Creating maven-archetype-webapp] INFO  o.e.m.c.i.e.AbstractTransferListenerAdapter - Downloaded https://repo.maven.apache.org/maven2/org/codehaus/plexus/plexus-archiver/4.7.1/plexus-archiver-4.7.1.pom
2026-08-17 11:31:27,905 [Worker-7: Creating maven-archetype-webapp] INFO  o.e.m.c.i.e.AbstractTransferListenerAdapter - Downloading https://repo.maven.apache.org/maven2/org/codehaus/plexus/plexus-io/3.4.1/plexus-io-3.4.1.pom
2026-08-17 11:31:27,944 [Worker-7: Creating maven-archetype-webapp] INFO  o.e.m.c.i.e.AbstractTransferListenerAdapter - Downloaded https://repo.maven.apache.org/maven2/org/codehaus/plexus/plexus-io/3.4.1/plexus-io-3.4.1.pom
2026-08-17 11:31:28,015 [Worker-7: Creating maven-archetype-webapp] INFO  o.e.m.c.i.e.AbstractTransferListenerAdapter - Downloading https://repo.maven.apache.org/maven2/org/apache/commons/commons-compress/1.23.0/commons-compress-1.23.0.pom
2026-08-17 11:31:28,055 [Worker-7: Creating maven-archetype-webapp] INFO  o.e.m.c.i.e.AbstractTransferListenerAdapter - Downloaded https://repo.maven.apache.org/maven2/org/apache/commons/commons-compress/1.23.0/commons-compress-1.23.0.pom
2026-08-17 11:31:28,127 [Worker-7: Creating maven-archetype-webapp] INFO  o.e.m.c.i.e.AbstractTransferListenerAdapter - Downloading https://repo.maven.apache.org/maven2/org/apache/commons/commons-parent/56/commons-parent-56.pom
2026-08-17 11:31:28,169 [Worker-7: Creating maven-archetype-webapp] INFO  o.e.m.c.i.e.AbstractTransferListenerAdapter - Downloaded https://repo.maven.apache.org/maven2/org/apache/commons/commons-parent/56/commons-parent-56.pom
2026-08-17 11:31:28,237 [Worker-7: Creating maven-archetype-webapp] INFO  o.e.m.c.i.e.AbstractTransferListenerAdapter - Downloading https://repo.maven.apache.org/maven2/org/junit/junit-bom/5.9.1/junit-bom-5.9.1.pom
2026-08-17 11:31:28,268 [Worker-7: Creating maven-archetype-webapp] INFO  o.e.m.c.i.e.AbstractTransferListenerAdapter - Downloaded https://repo.maven.apache.org/maven2/org/junit/junit-bom/5.9.1/junit-bom-5.9.1.pom
2026-08-17 11:31:28,338 [Worker-7: Creating maven-archetype-webapp] INFO  o.e.m.c.i.e.AbstractTransferListenerAdapter - Downloading https://repo.maven.apache.org/maven2/com/github/luben/zstd-jni/1.5.5-2/zstd-jni-1.5.5-2.pom
2026-08-17 11:31:28,385 [Worker-7: Creating maven-archetype-webapp] INFO  o.e.m.c.i.e.AbstractTransferListenerAdapter - Downloaded https://repo.maven.apache.org/maven2/com/github/luben/zstd-jni/1.5.5-2/zstd-jni-1.5.5-2.pom
2026-08-17 11:31:28,456 [Worker-7: Creating maven-archetype-webapp] INFO  o.e.m.c.i.e.AbstractTransferListenerAdapter - Downloading https://repo.maven.apache.org/maven2/org/codehaus/plexus/plexus-utils/3.5.1/plexus-utils-3.5.1.pom
2026-08-17 11:31:28,502 [Worker-7: Creating maven-archetype-webapp] INFO  o.e.m.c.i.e.AbstractTransferListenerAdapter - Downloaded https://repo.maven.apache.org/maven2/org/codehaus/plexus/plexus-utils/3.5.1/plexus-utils-3.5.1.pom
2026-08-17 11:31:28,571 [Worker-7: Creating maven-archetype-webapp] INFO  o.e.m.c.i.e.AbstractTransferListenerAdapter - Downloading https://repo.maven.apache.org/maven2/org/apache/maven/shared/maven-filtering/3.3.1/maven-filtering-3.3.1.pom
2026-08-17 11:31:28,611 [Worker-7: Creating maven-archetype-webapp] INFO  o.e.m.c.i.e.AbstractTransferListenerAdapter - Downloaded https://repo.maven.apache.org/maven2/org/apache/maven/shared/maven-filtering/3.3.1/maven-filtering-3.3.1.pom
2026-08-17 11:31:28,683 [Worker-7: Creating maven-archetype-webapp] INFO  o.e.m.c.i.e.AbstractTransferListenerAdapter - Downloading https://repo.maven.apache.org/maven2/org/sonatype/plexus/plexus-build-api/0.0.7/plexus-build-api-0.0.7.pom
2026-08-17 11:31:28,730 [Worker-7: Creating maven-archetype-webapp] INFO  o.e.m.c.i.e.AbstractTransferListenerAdapter - Downloaded https://repo.maven.apache.org/maven2/org/sonatype/plexus/plexus-build-api/0.0.7/plexus-build-api-0.0.7.pom
2026-08-17 11:31:28,803 [Worker-7: Creating maven-archetype-webapp] INFO  o.e.m.c.i.e.AbstractTransferListenerAdapter - Downloading https://repo.maven.apache.org/maven2/org/sonatype/spice/spice-parent/15/spice-parent-15.pom
2026-08-17 11:31:28,830 [Worker-7: Creating maven-archetype-webapp] INFO  o.e.m.c.i.e.AbstractTransferListenerAdapter - Downloaded https://repo.maven.apache.org/maven2/org/sonatype/spice/spice-parent/15/spice-parent-15.pom
2026-08-17 11:31:28,902 [Worker-7: Creating maven-archetype-webapp] INFO  o.e.m.c.i.e.AbstractTransferListenerAdapter - Downloading https://repo.maven.apache.org/maven2/org/sonatype/forge/forge-parent/5/forge-parent-5.pom
2026-08-17 11:31:28,950 [Worker-7: Creating maven-archetype-webapp] INFO  o.e.m.c.i.e.AbstractTransferListenerAdapter - Downloaded https://repo.maven.apache.org/maven2/org/sonatype/forge/forge-parent/5/forge-parent-5.pom
2026-08-17 11:31:29,018 [Worker-7: Creating maven-archetype-webapp] INFO  o.e.m.c.i.e.AbstractTransferListenerAdapter - Downloading https://repo.maven.apache.org/maven2/org/apache/maven/shared/maven-mapping/3.0.0/maven-mapping-3.0.0.pom
2026-08-17 11:31:29,058 [Worker-7: Creating maven-archetype-webapp] INFO  o.e.m.c.i.e.AbstractTransferListenerAdapter - Downloaded https://repo.maven.apache.org/maven2/org/apache/maven/shared/maven-mapping/3.0.0/maven-mapping-3.0.0.pom
2026-08-17 11:31:29,133 [Worker-7: Creating maven-archetype-webapp] INFO  o.e.m.c.i.e.AbstractTransferListenerAdapter - Downloading https://repo.maven.apache.org/maven2/org/apache/maven/shared/maven-shared-components/22/maven-shared-components-22.pom
2026-08-17 11:31:29,181 [Worker-7: Creating maven-archetype-webapp] INFO  o.e.m.c.i.e.AbstractTransferListenerAdapter - Downloaded https://repo.maven.apache.org/maven2/org/apache/maven/shared/maven-shared-components/22/maven-shared-components-22.pom
2026-08-17 11:31:29,247 [Worker-7: Creating maven-archetype-webapp] INFO  o.e.m.c.i.e.AbstractTransferListenerAdapter - Downloading https://repo.maven.apache.org/maven2/org/apache/maven/maven-parent/27/maven-parent-27.pom
2026-08-17 11:31:29,287 [Worker-7: Creating maven-archetype-webapp] INFO  o.e.m.c.i.e.AbstractTransferListenerAdapter - Downloaded https://repo.maven.apache.org/maven2/org/apache/maven/maven-parent/27/maven-parent-27.pom
2026-08-17 11:31:29,356 [Worker-7: Creating maven-archetype-webapp] INFO  o.e.m.c.i.e.AbstractTransferListenerAdapter - Downloading https://repo.maven.apache.org/maven2/org/apache/apache/17/apache-17.pom
2026-08-17 11:31:29,401 [Worker-7: Creating maven-archetype-webapp] INFO  o.e.m.c.i.e.AbstractTransferListenerAdapter - Downloaded https://repo.maven.apache.org/maven2/org/apache/apache/17/apache-17.pom
2026-08-17 11:31:29,469 [Worker-7: Creating maven-archetype-webapp] INFO  o.e.m.c.i.e.AbstractTransferListenerAdapter - Downloading https://repo.maven.apache.org/maven2/org/apache/maven/maven-core/3.0/maven-core-3.0.pom
2026-08-17 11:31:29,499 [Worker-7: Creating maven-archetype-webapp] INFO  o.e.m.c.i.e.AbstractTransferListenerAdapter - Downloaded https://repo.maven.apache.org/maven2/org/apache/maven/maven-core/3.0/maven-core-3.0.pom
2026-08-17 11:31:29,563 [Worker-7: Creating maven-archetype-webapp] INFO  o.e.m.c.i.e.AbstractTransferListenerAdapter - Downloading https://repo.maven.apache.org/maven2/org/apache/maven/maven/3.0/maven-3.0.pom
2026-08-17 11:31:29,597 [Worker-7: Creating maven-archetype-webapp] INFO  o.e.m.c.i.e.AbstractTransferListenerAdapter - Downloaded https://repo.maven.apache.org/maven2/org/apache/maven/maven/3.0/maven-3.0.pom
2026-08-17 11:31:29,660 [Worker-7: Creating maven-archetype-webapp] INFO  o.e.m.c.i.e.AbstractTransferListenerAdapter - Downloading https://repo.maven.apache.org/maven2/org/apache/maven/maven-parent/15/maven-parent-15.pom
2026-08-17 11:31:29,695 [Worker-7: Creating maven-archetype-webapp] INFO  o.e.m.c.i.e.AbstractTransferListenerAdapter - Downloaded https://repo.maven.apache.org/maven2/org/apache/maven/maven-parent/15/maven-parent-15.pom
2026-08-17 11:31:29,761 [Worker-7: Creating maven-archetype-webapp] INFO  o.e.m.c.i.e.AbstractTransferListenerAdapter - Downloading https://repo.maven.apache.org/maven2/org/apache/apache/6/apache-6.pom
2026-08-17 11:31:29,794 [Worker-7: Creating maven-archetype-webapp] INFO  o.e.m.c.i.e.AbstractTransferListenerAdapter - Downloaded https://repo.maven.apache.org/maven2/org/apache/apache/6/apache-6.pom
2026-08-17 11:31:29,873 [Worker-7: Creating maven-archetype-webapp] INFO  o.e.m.c.i.e.AbstractTransferListenerAdapter - Downloading https://repo.maven.apache.org/maven2/org/apache/maven/maven-model/3.0/maven-model-3.0.pom
2026-08-17 11:31:29,903 [Worker-7: Creating maven-archetype-webapp] INFO  o.e.m.c.i.e.AbstractTransferListenerAdapter - Downloaded https://repo.maven.apache.org/maven2/org/apache/maven/maven-model/3.0/maven-model-3.0.pom
2026-08-17 11:31:29,977 [Worker-7: Creating maven-archetype-webapp] INFO  o.e.m.c.i.e.AbstractTransferListenerAdapter - Downloading https://repo.maven.apache.org/maven2/org/apache/maven/maven-settings/3.2.5/maven-settings-3.2.5.pom
2026-08-17 11:31:30,016 [Worker-7: Creating maven-archetype-webapp] INFO  o.e.m.c.i.e.AbstractTransferListenerAdapter - Downloaded https://repo.maven.apache.org/maven2/org/apache/maven/maven-settings/3.2.5/maven-settings-3.2.5.pom
2026-08-17 11:31:30,080 [Worker-7: Creating maven-archetype-webapp] INFO  o.e.m.c.i.e.AbstractTransferListenerAdapter - Downloading https://repo.maven.apache.org/maven2/org/apache/maven/maven/3.2.5/maven-3.2.5.pom
2026-08-17 11:31:30,111 [Worker-7: Creating maven-archetype-webapp] INFO  o.e.m.c.i.e.AbstractTransferListenerAdapter - Downloaded https://repo.maven.apache.org/maven2/org/apache/maven/maven/3.2.5/maven-3.2.5.pom
2026-08-17 11:31:30,179 [Worker-7: Creating maven-archetype-webapp] INFO  o.e.m.c.i.e.AbstractTransferListenerAdapter - Downloading https://repo.maven.apache.org/maven2/org/apache/maven/maven-parent/25/maven-parent-25.pom
2026-08-17 11:31:30,236 [Worker-7: Creating maven-archetype-webapp] INFO  o.e.m.c.i.e.AbstractTransferListenerAdapter - Downloaded https://repo.maven.apache.org/maven2/org/apache/maven/maven-parent/25/maven-parent-25.pom
2026-08-17 11:31:30,306 [Worker-7: Creating maven-archetype-webapp] INFO  o.e.m.c.i.e.AbstractTransferListenerAdapter - Downloading https://repo.maven.apache.org/maven2/org/apache/apache/15/apache-15.pom
2026-08-17 11:31:30,353 [Worker-7: Creating maven-archetype-webapp] INFO  o.e.m.c.i.e.AbstractTransferListenerAdapter - Downloaded https://repo.maven.apache.org/maven2/org/apache/apache/15/apache-15.pom
2026-08-17 11:31:30,423 [Worker-7: Creating maven-archetype-webapp] INFO  o.e.m.c.i.e.AbstractTransferListenerAdapter - Downloading https://repo.maven.apache.org/maven2/org/apache/maven/maven-settings-builder/3.0/maven-settings-builder-3.0.pom
2026-08-17 11:31:30,459 [Worker-7: Creating maven-archetype-webapp] INFO  o.e.m.c.i.e.AbstractTransferListenerAdapter - Downloaded https://repo.maven.apache.org/maven2/org/apache/maven/maven-settings-builder/3.0/maven-settings-builder-3.0.pom
2026-08-17 11:31:30,527 [Worker-7: Creating maven-archetype-webapp] INFO  o.e.m.c.i.e.AbstractTransferListenerAdapter - Downloading https://repo.maven.apache.org/maven2/org/codehaus/plexus/plexus-interpolation/1.14/plexus-interpolation-1.14.pom
2026-08-17 11:31:30,566 [Worker-7: Creating maven-archetype-webapp] INFO  o.e.m.c.i.e.AbstractTransferListenerAdapter - Downloaded https://repo.maven.apache.org/maven2/org/codehaus/plexus/plexus-interpolation/1.14/plexus-interpolation-1.14.pom
2026-08-17 11:31:30,627 [Worker-7: Creating maven-archetype-webapp] INFO  o.e.m.c.i.e.AbstractTransferListenerAdapter - Downloading https://repo.maven.apache.org/maven2/org/codehaus/plexus/plexus-components/1.1.18/plexus-components-1.1.18.pom
2026-08-17 11:31:30,684 [Worker-7: Creating maven-archetype-webapp] INFO  o.e.m.c.i.e.AbstractTransferListenerAdapter - Downloaded https://repo.maven.apache.org/maven2/org/codehaus/plexus/plexus-components/1.1.18/plexus-components-1.1.18.pom
2026-08-17 11:31:30,754 [Worker-7: Creating maven-archetype-webapp] INFO  o.e.m.c.i.e.AbstractTransferListenerAdapter - Downloading https://repo.maven.apache.org/maven2/org/codehaus/plexus/plexus/2.0.7/plexus-2.0.7.pom
2026-08-17 11:31:30,804 [Worker-7: Creating maven-archetype-webapp] INFO  o.e.m.c.i.e.AbstractTransferListenerAdapter - Downloaded https://repo.maven.apache.org/maven2/org/codehaus/plexus/plexus/2.0.7/plexus-2.0.7.pom
2026-08-17 11:31:30,874 [Worker-7: Creating maven-archetype-webapp] INFO  o.e.m.c.i.e.AbstractTransferListenerAdapter - Downloading https://repo.maven.apache.org/maven2/org/codehaus/plexus/plexus-component-annotations/1.5.5/plexus-component-annotations-1.5.5.pom
2026-08-17 11:31:30,921 [Worker-7: Creating maven-archetype-webapp] INFO  o.e.m.c.i.e.AbstractTransferListenerAdapter - Downloaded https://repo.maven.apache.org/maven2/org/codehaus/plexus/plexus-component-annotations/1.5.5/plexus-component-annotations-1.5.5.pom
2026-08-17 11:31:30,991 [Worker-7: Creating maven-archetype-webapp] INFO  o.e.m.c.i.e.AbstractTransferListenerAdapter - Downloading https://repo.maven.apache.org/maven2/org/codehaus/plexus/plexus-containers/1.5.5/plexus-containers-1.5.5.pom
2026-08-17 11:31:31,022 [Worker-7: Creating maven-archetype-webapp] INFO  o.e.m.c.i.e.AbstractTransferListenerAdapter - Downloaded https://repo.maven.apache.org/maven2/org/codehaus/plexus/plexus-containers/1.5.5/plexus-containers-1.5.5.pom
2026-08-17 11:31:31,091 [Worker-7: Creating maven-archetype-webapp] INFO  o.e.m.c.i.e.AbstractTransferListenerAdapter - Downloading https://repo.maven.apache.org/maven2/org/sonatype/plexus/plexus-sec-dispatcher/1.3/plexus-sec-dispatcher-1.3.pom
2026-08-17 11:31:31,119 [Worker-7: Creating maven-archetype-webapp] INFO  o.e.m.c.i.e.AbstractTransferListenerAdapter - Downloaded https://repo.maven.apache.org/maven2/org/sonatype/plexus/plexus-sec-dispatcher/1.3/plexus-sec-dispatcher-1.3.pom
2026-08-17 11:31:31,197 [Worker-7: Creating maven-archetype-webapp] INFO  o.e.m.c.i.e.AbstractTransferListenerAdapter - Downloading https://repo.maven.apache.org/maven2/org/sonatype/spice/spice-parent/12/spice-parent-12.pom
2026-08-17 11:31:31,250 [Worker-7: Creating maven-archetype-webapp] INFO  o.e.m.c.i.e.AbstractTransferListenerAdapter - Downloaded https://repo.maven.apache.org/maven2/org/sonatype/spice/spice-parent/12/spice-parent-12.pom
2026-08-17 11:31:31,314 [Worker-7: Creating maven-archetype-webapp] INFO  o.e.m.c.i.e.AbstractTransferListenerAdapter - Downloading https://repo.maven.apache.org/maven2/org/sonatype/forge/forge-parent/4/forge-parent-4.pom
2026-08-17 11:31:31,386 [Worker-7: Creating maven-archetype-webapp] INFO  o.e.m.c.i.e.AbstractTransferListenerAdapter - Downloaded https://repo.maven.apache.org/maven2/org/sonatype/forge/forge-parent/4/forge-parent-4.pom
2026-08-17 11:31:31,453 [Worker-7: Creating maven-archetype-webapp] INFO  o.e.m.c.i.e.AbstractTransferListenerAdapter - Downloading https://repo.maven.apache.org/maven2/org/sonatype/plexus/plexus-cipher/1.4/plexus-cipher-1.4.pom
2026-08-17 11:31:31,494 [Worker-7: Creating maven-archetype-webapp] INFO  o.e.m.c.i.e.AbstractTransferListenerAdapter - Downloaded https://repo.maven.apache.org/maven2/org/sonatype/plexus/plexus-cipher/1.4/plexus-cipher-1.4.pom
2026-08-17 11:31:31,560 [Worker-7: Creating maven-archetype-webapp] INFO  o.e.m.c.i.e.AbstractTransferListenerAdapter - Downloading https://repo.maven.apache.org/maven2/org/apache/maven/maven-repository-metadata/3.0/maven-repository-metadata-3.0.pom
2026-08-17 11:31:31,603 [Worker-7: Creating maven-archetype-webapp] INFO  o.e.m.c.i.e.AbstractTransferListenerAdapter - Downloaded https://repo.maven.apache.org/maven2/org/apache/maven/maven-repository-metadata/3.0/maven-repository-metadata-3.0.pom
2026-08-17 11:31:31,669 [Worker-7: Creating maven-archetype-webapp] INFO  o.e.m.c.i.e.AbstractTransferListenerAdapter - Downloading https://repo.maven.apache.org/maven2/org/apache/maven/maven-artifact/3.0/maven-artifact-3.0.pom
2026-08-17 11:31:31,703 [Worker-7: Creating maven-archetype-webapp] INFO  o.e.m.c.i.e.AbstractTransferListenerAdapter - Downloaded https://repo.maven.apache.org/maven2/org/apache/maven/maven-artifact/3.0/maven-artifact-3.0.pom
2026-08-17 11:31:31,818 [Worker-7: Creating maven-archetype-webapp] INFO  o.e.m.c.i.e.AbstractTransferListenerAdapter - Downloading https://repo.maven.apache.org/maven2/org/apache/maven/maven-plugin-api/3.0/maven-plugin-api-3.0.pom
2026-08-17 11:31:31,845 [Worker-7: Creating maven-archetype-webapp] INFO  o.e.m.c.i.e.AbstractTransferListenerAdapter - Downloaded https://repo.maven.apache.org/maven2/org/apache/maven/maven-plugin-api/3.0/maven-plugin-api-3.0.pom
2026-08-17 11:31:31,916 [Worker-7: Creating maven-archetype-webapp] INFO  o.e.m.c.i.e.AbstractTransferListenerAdapter - Downloading https://repo.maven.apache.org/maven2/org/sonatype/sisu/sisu-inject-plexus/1.4.2/sisu-inject-plexus-1.4.2.pom
2026-08-17 11:31:31,967 [Worker-7: Creating maven-archetype-webapp] INFO  o.e.m.c.i.e.AbstractTransferListenerAdapter - Downloaded https://repo.maven.apache.org/maven2/org/sonatype/sisu/sisu-inject-plexus/1.4.2/sisu-inject-plexus-1.4.2.pom
2026-08-17 11:31:32,039 [Worker-7: Creating maven-archetype-webapp] INFO  o.e.m.c.i.e.AbstractTransferListenerAdapter - Downloading https://repo.maven.apache.org/maven2/org/sonatype/sisu/inject/guice-plexus/1.4.2/guice-plexus-1.4.2.pom
2026-08-17 11:31:32,071 [Worker-7: Creating maven-archetype-webapp] INFO  o.e.m.c.i.e.AbstractTransferListenerAdapter - Downloaded https://repo.maven.apache.org/maven2/org/sonatype/sisu/inject/guice-plexus/1.4.2/guice-plexus-1.4.2.pom
2026-08-17 11:31:32,156 [Worker-7: Creating maven-archetype-webapp] INFO  o.e.m.c.i.e.AbstractTransferListenerAdapter - Downloading https://repo.maven.apache.org/maven2/org/sonatype/sisu/inject/guice-bean/1.4.2/guice-bean-1.4.2.pom
2026-08-17 11:31:32,192 [Worker-7: Creating maven-archetype-webapp] INFO  o.e.m.c.i.e.AbstractTransferListenerAdapter - Downloaded https://repo.maven.apache.org/maven2/org/sonatype/sisu/inject/guice-bean/1.4.2/guice-bean-1.4.2.pom
2026-08-17 11:31:32,259 [Worker-7: Creating maven-archetype-webapp] INFO  o.e.m.c.i.e.AbstractTransferListenerAdapter - Downloading https://repo.maven.apache.org/maven2/org/sonatype/sisu/sisu-inject/1.4.2/sisu-inject-1.4.2.pom
2026-08-17 11:31:32,304 [Worker-7: Creating maven-archetype-webapp] INFO  o.e.m.c.i.e.AbstractTransferListenerAdapter - Downloaded https://repo.maven.apache.org/maven2/org/sonatype/sisu/sisu-inject/1.4.2/sisu-inject-1.4.2.pom
2026-08-17 11:31:32,369 [Worker-7: Creating maven-archetype-webapp] INFO  o.e.m.c.i.e.AbstractTransferListenerAdapter - Downloading https://repo.maven.apache.org/maven2/org/sonatype/sisu/sisu-parent/1.4.2/sisu-parent-1.4.2.pom
2026-08-17 11:31:32,400 [Worker-7: Creating maven-archetype-webapp] INFO  o.e.m.c.i.e.AbstractTransferListenerAdapter - Downloaded https://repo.maven.apache.org/maven2/org/sonatype/sisu/sisu-parent/1.4.2/sisu-parent-1.4.2.pom
2026-08-17 11:31:32,462 [Worker-7: Creating maven-archetype-webapp] INFO  o.e.m.c.i.e.AbstractTransferListenerAdapter - Downloading https://repo.maven.apache.org/maven2/org/sonatype/forge/forge-parent/6/forge-parent-6.pom
2026-08-17 11:31:32,496 [Worker-7: Creating maven-archetype-webapp] INFO  o.e.m.c.i.e.AbstractTransferListenerAdapter - Downloaded https://repo.maven.apache.org/maven2/org/sonatype/forge/forge-parent/6/forge-parent-6.pom
2026-08-17 11:31:32,561 [Worker-7: Creating maven-archetype-webapp] INFO  o.e.m.c.i.e.AbstractTransferListenerAdapter - Downloading https://repo.maven.apache.org/maven2/org/codehaus/plexus/plexus-component-annotations/1.5.4/plexus-component-annotations-1.5.4.pom
2026-08-17 11:31:32,599 [Worker-7: Creating maven-archetype-webapp] INFO  o.e.m.c.i.e.AbstractTransferListenerAdapter - Downloaded https://repo.maven.apache.org/maven2/org/codehaus/plexus/plexus-component-annotations/1.5.4/plexus-component-annotations-1.5.4.pom
2026-08-17 11:31:32,814 [Worker-7: Creating maven-archetype-webapp] INFO  o.e.m.c.i.e.AbstractTransferListenerAdapter - Downloading https://repo.maven.apache.org/maven2/org/codehaus/plexus/plexus-containers/1.5.4/plexus-containers-1.5.4.pom
2026-08-17 11:31:32,849 [Worker-7: Creating maven-archetype-webapp] INFO  o.e.m.c.i.e.AbstractTransferListenerAdapter - Downloaded https://repo.maven.apache.org/maven2/org/codehaus/plexus/plexus-containers/1.5.4/plexus-containers-1.5.4.pom
2026-08-17 11:31:32,916 [Worker-7: Creating maven-archetype-webapp] INFO  o.e.m.c.i.e.AbstractTransferListenerAdapter - Downloading https://repo.maven.apache.org/maven2/org/codehaus/plexus/plexus/2.0.5/plexus-2.0.5.pom
2026-08-17 11:31:32,957 [Worker-7: Creating maven-archetype-webapp] INFO  o.e.m.c.i.e.AbstractTransferListenerAdapter - Downloaded https://repo.maven.apache.org/maven2/org/codehaus/plexus/plexus/2.0.5/plexus-2.0.5.pom
2026-08-17 11:31:33,355 [Worker-7: Creating maven-archetype-webapp] INFO  o.e.m.c.i.e.AbstractTransferListenerAdapter - Downloading https://repo.maven.apache.org/maven2/org/codehaus/plexus/plexus-classworlds/2.2.3/plexus-classworlds-2.2.3.pom
2026-08-17 11:31:33,433 [Worker-7: Creating maven-archetype-webapp] INFO  o.e.m.c.i.e.AbstractTransferListenerAdapter - Downloaded https://repo.maven.apache.org/maven2/org/codehaus/plexus/plexus-classworlds/2.2.3/plexus-classworlds-2.2.3.pom
2026-08-17 11:31:33,500 [Worker-7: Creating maven-archetype-webapp] INFO  o.e.m.c.i.e.AbstractTransferListenerAdapter - Downloading https://repo.maven.apache.org/maven2/org/codehaus/plexus/plexus/2.0.6/plexus-2.0.6.pom
2026-08-17 11:31:33,548 [Worker-7: Creating maven-archetype-webapp] INFO  o.e.m.c.i.e.AbstractTransferListenerAdapter - Downloaded https://repo.maven.apache.org/maven2/org/codehaus/plexus/plexus/2.0.6/plexus-2.0.6.pom
2026-08-17 11:31:33,615 [Worker-7: Creating maven-archetype-webapp] INFO  o.e.m.c.i.e.AbstractTransferListenerAdapter - Downloading https://repo.maven.apache.org/maven2/org/sonatype/sisu/sisu-inject-bean/1.4.2/sisu-inject-bean-1.4.2.pom
2026-08-17 11:31:33,654 [Worker-7: Creating maven-archetype-webapp] INFO  o.e.m.c.i.e.AbstractTransferListenerAdapter - Downloaded https://repo.maven.apache.org/maven2/org/sonatype/sisu/sisu-inject-bean/1.4.2/sisu-inject-bean-1.4.2.pom
2026-08-17 11:31:33,750 [Worker-7: Creating maven-archetype-webapp] INFO  o.e.m.c.i.e.AbstractTransferListenerAdapter - Downloading https://repo.maven.apache.org/maven2/org/sonatype/sisu/sisu-guice/2.1.7/sisu-guice-2.1.7.pom
2026-08-17 11:31:33,786 [Worker-7: Creating maven-archetype-webapp] INFO  o.e.m.c.i.e.AbstractTransferListenerAdapter - Downloaded https://repo.maven.apache.org/maven2/org/sonatype/sisu/sisu-guice/2.1.7/sisu-guice-2.1.7.pom
2026-08-17 11:31:33,854 [Worker-7: Creating maven-archetype-webapp] INFO  o.e.m.c.i.e.AbstractTransferListenerAdapter - Downloading https://repo.maven.apache.org/maven2/org/apache/maven/maven-model-builder/3.0/maven-model-builder-3.0.pom
2026-08-17 11:31:33,876 [Worker-7: Creating maven-archetype-webapp] INFO  o.e.m.c.i.e.AbstractTransferListenerAdapter - Downloaded https://repo.maven.apache.org/maven2/org/apache/maven/maven-model-builder/3.0/maven-model-builder-3.0.pom
2026-08-17 11:31:33,944 [Worker-7: Creating maven-archetype-webapp] INFO  o.e.m.c.i.e.AbstractTransferListenerAdapter - Downloading https://repo.maven.apache.org/maven2/org/apache/maven/maven-aether-provider/3.0/maven-aether-provider-3.0.pom
2026-08-17 11:31:33,975 [Worker-7: Creating maven-archetype-webapp] INFO  o.e.m.c.i.e.AbstractTransferListenerAdapter - Downloaded https://repo.maven.apache.org/maven2/org/apache/maven/maven-aether-provider/3.0/maven-aether-provider-3.0.pom
2026-08-17 11:31:34,055 [Worker-7: Creating maven-archetype-webapp] INFO  o.e.m.c.i.e.AbstractTransferListenerAdapter - Downloading https://repo.maven.apache.org/maven2/org/sonatype/aether/aether-api/1.7/aether-api-1.7.pom
2026-08-17 11:31:34,082 [Worker-7: Creating maven-archetype-webapp] INFO  o.e.m.c.i.e.AbstractTransferListenerAdapter - Downloaded https://repo.maven.apache.org/maven2/org/sonatype/aether/aether-api/1.7/aether-api-1.7.pom
2026-08-17 11:31:34,148 [Worker-7: Creating maven-archetype-webapp] INFO  o.e.m.c.i.e.AbstractTransferListenerAdapter - Downloading https://repo.maven.apache.org/maven2/org/sonatype/aether/aether-parent/1.7/aether-parent-1.7.pom
2026-08-17 11:31:34,186 [Worker-7: Creating maven-archetype-webapp] INFO  o.e.m.c.i.e.AbstractTransferListenerAdapter - Downloaded https://repo.maven.apache.org/maven2/org/sonatype/aether/aether-parent/1.7/aether-parent-1.7.pom
2026-08-17 11:31:34,251 [Worker-7: Creating maven-archetype-webapp] INFO  o.e.m.c.i.e.AbstractTransferListenerAdapter - Downloading https://repo.maven.apache.org/maven2/org/sonatype/aether/aether-util/1.7/aether-util-1.7.pom
2026-08-17 11:31:34,276 [Worker-7: Creating maven-archetype-webapp] INFO  o.e.m.c.i.e.AbstractTransferListenerAdapter - Downloaded https://repo.maven.apache.org/maven2/org/sonatype/aether/aether-util/1.7/aether-util-1.7.pom
2026-08-17 11:31:34,346 [Worker-7: Creating maven-archetype-webapp] INFO  o.e.m.c.i.e.AbstractTransferListenerAdapter - Downloading https://repo.maven.apache.org/maven2/org/sonatype/aether/aether-impl/1.7/aether-impl-1.7.pom
2026-08-17 11:31:34,372 [Worker-7: Creating maven-archetype-webapp] INFO  o.e.m.c.i.e.AbstractTransferListenerAdapter - Downloaded https://repo.maven.apache.org/maven2/org/sonatype/aether/aether-impl/1.7/aether-impl-1.7.pom
2026-08-17 11:31:34,441 [Worker-7: Creating maven-archetype-webapp] INFO  o.e.m.c.i.e.AbstractTransferListenerAdapter - Downloading https://repo.maven.apache.org/maven2/org/sonatype/aether/aether-spi/1.7/aether-spi-1.7.pom
2026-08-17 11:31:34,477 [Worker-7: Creating maven-archetype-webapp] INFO  o.e.m.c.i.e.AbstractTransferListenerAdapter - Downloaded https://repo.maven.apache.org/maven2/org/sonatype/aether/aether-spi/1.7/aether-spi-1.7.pom
2026-08-17 11:31:34,544 [Worker-7: Creating maven-archetype-webapp] INFO  o.e.m.c.i.e.AbstractTransferListenerAdapter - Downloading https://repo.maven.apache.org/maven2/org/codehaus/plexus/plexus-interpolation/1.21/plexus-interpolation-1.21.pom
2026-08-17 11:31:34,578 [Worker-7: Creating maven-archetype-webapp] INFO  o.e.m.c.i.e.AbstractTransferListenerAdapter - Downloaded https://repo.maven.apache.org/maven2/org/codehaus/plexus/plexus-interpolation/1.21/plexus-interpolation-1.21.pom
2026-08-17 11:31:34,647 [Worker-7: Creating maven-archetype-webapp] INFO  o.e.m.c.i.e.AbstractTransferListenerAdapter - Downloading https://repo.maven.apache.org/maven2/org/codehaus/plexus/plexus-components/1.3.1/plexus-components-1.3.1.pom
2026-08-17 11:31:34,679 [Worker-7: Creating maven-archetype-webapp] INFO  o.e.m.c.i.e.AbstractTransferListenerAdapter - Downloaded https://repo.maven.apache.org/maven2/org/codehaus/plexus/plexus-components/1.3.1/plexus-components-1.3.1.pom
2026-08-17 11:31:34,752 [Worker-7: Creating maven-archetype-webapp] INFO  o.e.m.c.i.e.AbstractTransferListenerAdapter - Downloading https://repo.maven.apache.org/maven2/org/codehaus/plexus/plexus/3.3.1/plexus-3.3.1.pom
2026-08-17 11:31:34,789 [Worker-7: Creating maven-archetype-webapp] INFO  o.e.m.c.i.e.AbstractTransferListenerAdapter - Downloaded https://repo.maven.apache.org/maven2/org/codehaus/plexus/plexus/3.3.1/plexus-3.3.1.pom
2026-08-17 11:31:34,851 [Worker-7: Creating maven-archetype-webapp] INFO  o.e.m.c.i.e.AbstractTransferListenerAdapter - Downloading https://repo.maven.apache.org/maven2/org/sonatype/spice/spice-parent/17/spice-parent-17.pom
2026-08-17 11:31:34,877 [Worker-7: Creating maven-archetype-webapp] INFO  o.e.m.c.i.e.AbstractTransferListenerAdapter - Downloaded https://repo.maven.apache.org/maven2/org/sonatype/spice/spice-parent/17/spice-parent-17.pom
2026-08-17 11:31:34,940 [Worker-7: Creating maven-archetype-webapp] INFO  o.e.m.c.i.e.AbstractTransferListenerAdapter - Downloading https://repo.maven.apache.org/maven2/org/sonatype/forge/forge-parent/10/forge-parent-10.pom
2026-08-17 11:31:34,971 [Worker-7: Creating maven-archetype-webapp] INFO  o.e.m.c.i.e.AbstractTransferListenerAdapter - Downloaded https://repo.maven.apache.org/maven2/org/sonatype/forge/forge-parent/10/forge-parent-10.pom
2026-08-17 11:31:35,076 [Worker-7: Creating maven-archetype-webapp] INFO  o.e.m.c.i.e.AbstractTransferListenerAdapter - Downloading https://repo.maven.apache.org/maven2/org/apache/maven/maven-archiver/3.6.0/maven-archiver-3.6.0.jar
2026-08-17 11:31:35,291 [Worker-7: Creating maven-archetype-webapp] INFO  o.e.m.c.i.e.AbstractTransferListenerAdapter - Downloaded https://repo.maven.apache.org/maven2/org/apache/maven/maven-archiver/3.6.0/maven-archiver-3.6.0.jar
2026-08-17 11:31:35,338 [BasicRepositoryConnector-repo.maven.apache.org-2-1] INFO  o.e.m.c.i.e.AbstractTransferListenerAdapter - Downloading https://repo.maven.apache.org/maven2/commons-io/commons-io/2.13.0/commons-io-2.13.0.jar
2026-08-17 11:31:35,340 [BasicRepositoryConnector-repo.maven.apache.org-2-0] INFO  o.e.m.c.i.e.AbstractTransferListenerAdapter - Downloading https://repo.maven.apache.org/maven2/org/codehaus/plexus/plexus-io/3.4.0/plexus-io-3.4.0.jar
2026-08-17 11:31:35,345 [BasicRepositoryConnector-repo.maven.apache.org-2-3] INFO  o.e.m.c.i.e.AbstractTransferListenerAdapter - Downloading https://repo.maven.apache.org/maven2/org/apache/commons/commons-compress/1.23.0/commons-compress-1.23.0.jar
2026-08-17 11:31:35,348 [BasicRepositoryConnector-repo.maven.apache.org-2-4] INFO  o.e.m.c.i.e.AbstractTransferListenerAdapter - Downloading https://repo.maven.apache.org/maven2/org/iq80/snappy/snappy/0.4/snappy-0.4.jar
2026-08-17 11:31:35,353 [BasicRepositoryConnector-repo.maven.apache.org-2-2] INFO  o.e.m.c.i.e.AbstractTransferListenerAdapter - Downloading https://repo.maven.apache.org/maven2/org/codehaus/plexus/plexus-archiver/4.7.1/plexus-archiver-4.7.1.jar
2026-08-17 11:31:35,380 [BasicRepositoryConnector-repo.maven.apache.org-2-4] INFO  o.e.m.c.i.e.AbstractTransferListenerAdapter - Downloaded https://repo.maven.apache.org/maven2/org/iq80/snappy/snappy/0.4/snappy-0.4.jar
2026-08-17 11:31:35,380 [BasicRepositoryConnector-repo.maven.apache.org-2-0] INFO  o.e.m.c.i.e.AbstractTransferListenerAdapter - Downloaded https://repo.maven.apache.org/maven2/org/codehaus/plexus/plexus-io/3.4.0/plexus-io-3.4.0.jar
2026-08-17 11:31:35,415 [BasicRepositoryConnector-repo.maven.apache.org-2-1] INFO  o.e.m.c.i.e.AbstractTransferListenerAdapter - Downloaded https://repo.maven.apache.org/maven2/commons-io/commons-io/2.13.0/commons-io-2.13.0.jar
2026-08-17 11:31:35,428 [BasicRepositoryConnector-repo.maven.apache.org-2-0] INFO  o.e.m.c.i.e.AbstractTransferListenerAdapter - Downloading https://repo.maven.apache.org/maven2/com/github/luben/zstd-jni/1.5.5-2/zstd-jni-1.5.5-2.jar
2026-08-17 11:31:35,430 [BasicRepositoryConnector-repo.maven.apache.org-2-2] INFO  o.e.m.c.i.e.AbstractTransferListenerAdapter - Downloaded https://repo.maven.apache.org/maven2/org/codehaus/plexus/plexus-archiver/4.7.1/plexus-archiver-4.7.1.jar
2026-08-17 11:31:35,431 [BasicRepositoryConnector-repo.maven.apache.org-2-4] INFO  o.e.m.c.i.e.AbstractTransferListenerAdapter - Downloading https://repo.maven.apache.org/maven2/org/tukaani/xz/1.9/xz-1.9.jar
2026-08-17 11:31:35,471 [BasicRepositoryConnector-repo.maven.apache.org-2-4] INFO  o.e.m.c.i.e.AbstractTransferListenerAdapter - Downloaded https://repo.maven.apache.org/maven2/org/tukaani/xz/1.9/xz-1.9.jar
2026-08-17 11:31:35,471 [BasicRepositoryConnector-repo.maven.apache.org-2-1] INFO  o.e.m.c.i.e.AbstractTransferListenerAdapter - Downloading https://repo.maven.apache.org/maven2/org/codehaus/plexus/plexus-interpolation/1.26/plexus-interpolation-1.26.jar
2026-08-17 11:31:35,478 [BasicRepositoryConnector-repo.maven.apache.org-2-2] INFO  o.e.m.c.i.e.AbstractTransferListenerAdapter - Downloading https://repo.maven.apache.org/maven2/org/codehaus/plexus/plexus-utils/3.5.1/plexus-utils-3.5.1.jar
2026-08-17 11:31:35,518 [BasicRepositoryConnector-repo.maven.apache.org-2-1] INFO  o.e.m.c.i.e.AbstractTransferListenerAdapter - Downloaded https://repo.maven.apache.org/maven2/org/codehaus/plexus/plexus-interpolation/1.26/plexus-interpolation-1.26.jar
2026-08-17 11:31:35,523 [BasicRepositoryConnector-repo.maven.apache.org-2-4] INFO  o.e.m.c.i.e.AbstractTransferListenerAdapter - Downloading https://repo.maven.apache.org/maven2/org/apache/maven/shared/maven-filtering/3.3.1/maven-filtering-3.3.1.jar
2026-08-17 11:31:35,523 [BasicRepositoryConnector-repo.maven.apache.org-2-3] INFO  o.e.m.c.i.e.AbstractTransferListenerAdapter - Downloaded https://repo.maven.apache.org/maven2/org/apache/commons/commons-compress/1.23.0/commons-compress-1.23.0.jar
2026-08-17 11:31:35,561 [BasicRepositoryConnector-repo.maven.apache.org-2-2] INFO  o.e.m.c.i.e.AbstractTransferListenerAdapter - Downloaded https://repo.maven.apache.org/maven2/org/codehaus/plexus/plexus-utils/3.5.1/plexus-utils-3.5.1.jar
2026-08-17 11:31:35,565 [BasicRepositoryConnector-repo.maven.apache.org-2-1] INFO  o.e.m.c.i.e.AbstractTransferListenerAdapter - Downloading https://repo.maven.apache.org/maven2/org/sonatype/plexus/plexus-build-api/0.0.7/plexus-build-api-0.0.7.jar
2026-08-17 11:31:35,575 [BasicRepositoryConnector-repo.maven.apache.org-2-4] INFO  o.e.m.c.i.e.AbstractTransferListenerAdapter - Downloaded https://repo.maven.apache.org/maven2/org/apache/maven/shared/maven-filtering/3.3.1/maven-filtering-3.3.1.jar
2026-08-17 11:31:35,577 [BasicRepositoryConnector-repo.maven.apache.org-2-3] INFO  o.e.m.c.i.e.AbstractTransferListenerAdapter - Downloading https://repo.maven.apache.org/maven2/org/apache/maven/shared/maven-mapping/3.0.0/maven-mapping-3.0.0.jar
2026-08-17 11:31:35,612 [BasicRepositoryConnector-repo.maven.apache.org-2-2] INFO  o.e.m.c.i.e.AbstractTransferListenerAdapter - Downloading https://repo.maven.apache.org/maven2/org/apache/maven/maven-core/3.0/maven-core-3.0.jar
2026-08-17 11:31:35,619 [BasicRepositoryConnector-repo.maven.apache.org-2-0] INFO  o.e.m.c.i.e.AbstractTransferListenerAdapter - Downloaded https://repo.maven.apache.org/maven2/com/github/luben/zstd-jni/1.5.5-2/zstd-jni-1.5.5-2.jar
2026-08-17 11:31:35,621 [BasicRepositoryConnector-repo.maven.apache.org-2-4] INFO  o.e.m.c.i.e.AbstractTransferListenerAdapter - Downloading https://repo.maven.apache.org/maven2/org/apache/maven/maven-model/3.0/maven-model-3.0.jar
2026-08-17 11:31:35,658 [BasicRepositoryConnector-repo.maven.apache.org-2-4] INFO  o.e.m.c.i.e.AbstractTransferListenerAdapter - Downloaded https://repo.maven.apache.org/maven2/org/apache/maven/maven-model/3.0/maven-model-3.0.jar
2026-08-17 11:31:35,679 [BasicRepositoryConnector-repo.maven.apache.org-2-0] INFO  o.e.m.c.i.e.AbstractTransferListenerAdapter - Downloading https://repo.maven.apache.org/maven2/org/apache/maven/maven-settings-builder/3.0/maven-settings-builder-3.0.jar
2026-08-17 11:31:35,694 [BasicRepositoryConnector-repo.maven.apache.org-2-2] INFO  o.e.m.c.i.e.AbstractTransferListenerAdapter - Downloaded https://repo.maven.apache.org/maven2/org/apache/maven/maven-core/3.0/maven-core-3.0.jar
2026-08-17 11:31:35,714 [BasicRepositoryConnector-repo.maven.apache.org-2-4] INFO  o.e.m.c.i.e.AbstractTransferListenerAdapter - Downloading https://repo.maven.apache.org/maven2/org/apache/maven/maven-repository-metadata/3.0/maven-repository-metadata-3.0.jar
2026-08-17 11:31:35,724 [BasicRepositoryConnector-repo.maven.apache.org-2-1] INFO  o.e.m.c.i.e.AbstractTransferListenerAdapter - Downloaded https://repo.maven.apache.org/maven2/org/sonatype/plexus/plexus-build-api/0.0.7/plexus-build-api-0.0.7.jar
2026-08-17 11:31:35,773 [BasicRepositoryConnector-repo.maven.apache.org-2-2] INFO  o.e.m.c.i.e.AbstractTransferListenerAdapter - Downloading https://repo.maven.apache.org/maven2/org/apache/maven/maven-artifact/3.0/maven-artifact-3.0.jar
2026-08-17 11:31:35,786 [BasicRepositoryConnector-repo.maven.apache.org-2-1] INFO  o.e.m.c.i.e.AbstractTransferListenerAdapter - Downloading https://repo.maven.apache.org/maven2/org/apache/maven/maven-plugin-api/3.0/maven-plugin-api-3.0.jar
2026-08-17 11:31:35,827 [BasicRepositoryConnector-repo.maven.apache.org-2-3] INFO  o.e.m.c.i.e.AbstractTransferListenerAdapter - Downloaded https://repo.maven.apache.org/maven2/org/apache/maven/shared/maven-mapping/3.0.0/maven-mapping-3.0.0.jar
2026-08-17 11:31:35,838 [BasicRepositoryConnector-repo.maven.apache.org-2-2] INFO  o.e.m.c.i.e.AbstractTransferListenerAdapter - Downloaded https://repo.maven.apache.org/maven2/org/apache/maven/maven-artifact/3.0/maven-artifact-3.0.jar
2026-08-17 11:31:35,878 [BasicRepositoryConnector-repo.maven.apache.org-2-3] INFO  o.e.m.c.i.e.AbstractTransferListenerAdapter - Downloading https://repo.maven.apache.org/maven2/org/apache/maven/maven-model-builder/3.0/maven-model-builder-3.0.jar
2026-08-17 11:31:35,888 [BasicRepositoryConnector-repo.maven.apache.org-2-2] INFO  o.e.m.c.i.e.AbstractTransferListenerAdapter - Downloading https://repo.maven.apache.org/maven2/org/apache/maven/maven-aether-provider/3.0/maven-aether-provider-3.0.jar
2026-08-17 11:31:35,930 [BasicRepositoryConnector-repo.maven.apache.org-2-3] INFO  o.e.m.c.i.e.AbstractTransferListenerAdapter - Downloaded https://repo.maven.apache.org/maven2/org/apache/maven/maven-model-builder/3.0/maven-model-builder-3.0.jar
2026-08-17 11:31:35,958 [BasicRepositoryConnector-repo.maven.apache.org-2-2] INFO  o.e.m.c.i.e.AbstractTransferListenerAdapter - Downloaded https://repo.maven.apache.org/maven2/org/apache/maven/maven-aether-provider/3.0/maven-aether-provider-3.0.jar
2026-08-17 11:31:35,991 [BasicRepositoryConnector-repo.maven.apache.org-2-3] INFO  o.e.m.c.i.e.AbstractTransferListenerAdapter - Downloading https://repo.maven.apache.org/maven2/org/sonatype/aether/aether-impl/1.7/aether-impl-1.7.jar
2026-08-17 11:31:35,994 [BasicRepositoryConnector-repo.maven.apache.org-2-4] INFO  o.e.m.c.i.e.AbstractTransferListenerAdapter - Downloaded https://repo.maven.apache.org/maven2/org/apache/maven/maven-repository-metadata/3.0/maven-repository-metadata-3.0.jar
2026-08-17 11:31:36,017 [BasicRepositoryConnector-repo.maven.apache.org-2-2] INFO  o.e.m.c.i.e.AbstractTransferListenerAdapter - Downloading https://repo.maven.apache.org/maven2/org/sonatype/aether/aether-spi/1.7/aether-spi-1.7.jar
2026-08-17 11:31:36,044 [BasicRepositoryConnector-repo.maven.apache.org-2-4] INFO  o.e.m.c.i.e.AbstractTransferListenerAdapter - Downloading https://repo.maven.apache.org/maven2/org/sonatype/aether/aether-api/1.7/aether-api-1.7.jar
2026-08-17 11:31:36,061 [BasicRepositoryConnector-repo.maven.apache.org-2-3] INFO  o.e.m.c.i.e.AbstractTransferListenerAdapter - Downloaded https://repo.maven.apache.org/maven2/org/sonatype/aether/aether-impl/1.7/aether-impl-1.7.jar
2026-08-17 11:31:36,087 [BasicRepositoryConnector-repo.maven.apache.org-2-4] INFO  o.e.m.c.i.e.AbstractTransferListenerAdapter - Downloaded https://repo.maven.apache.org/maven2/org/sonatype/aether/aether-api/1.7/aether-api-1.7.jar
2026-08-17 11:31:36,118 [BasicRepositoryConnector-repo.maven.apache.org-2-3] INFO  o.e.m.c.i.e.AbstractTransferListenerAdapter - Downloading https://repo.maven.apache.org/maven2/org/sonatype/aether/aether-util/1.7/aether-util-1.7.jar
2026-08-17 11:31:36,171 [BasicRepositoryConnector-repo.maven.apache.org-2-4] INFO  o.e.m.c.i.e.AbstractTransferListenerAdapter - Downloading https://repo.maven.apache.org/maven2/org/sonatype/sisu/sisu-inject-plexus/1.4.2/sisu-inject-plexus-1.4.2.jar
2026-08-17 11:31:36,180 [BasicRepositoryConnector-repo.maven.apache.org-2-3] INFO  o.e.m.c.i.e.AbstractTransferListenerAdapter - Downloaded https://repo.maven.apache.org/maven2/org/sonatype/aether/aether-util/1.7/aether-util-1.7.jar
2026-08-17 11:31:36,218 [BasicRepositoryConnector-repo.maven.apache.org-2-4] INFO  o.e.m.c.i.e.AbstractTransferListenerAdapter - Downloaded https://repo.maven.apache.org/maven2/org/sonatype/sisu/sisu-inject-plexus/1.4.2/sisu-inject-plexus-1.4.2.jar
2026-08-17 11:31:36,219 [BasicRepositoryConnector-repo.maven.apache.org-2-0] INFO  o.e.m.c.i.e.AbstractTransferListenerAdapter - Downloaded https://repo.maven.apache.org/maven2/org/apache/maven/maven-settings-builder/3.0/maven-settings-builder-3.0.jar
2026-08-17 11:31:36,229 [BasicRepositoryConnector-repo.maven.apache.org-2-3] INFO  o.e.m.c.i.e.AbstractTransferListenerAdapter - Downloading https://repo.maven.apache.org/maven2/org/sonatype/sisu/sisu-inject-bean/1.4.2/sisu-inject-bean-1.4.2.jar
2026-08-17 11:31:36,268 [BasicRepositoryConnector-repo.maven.apache.org-2-0] INFO  o.e.m.c.i.e.AbstractTransferListenerAdapter - Downloading https://repo.maven.apache.org/maven2/org/codehaus/plexus/plexus-classworlds/2.2.3/plexus-classworlds-2.2.3.jar
2026-08-17 11:31:36,274 [BasicRepositoryConnector-repo.maven.apache.org-2-4] INFO  o.e.m.c.i.e.AbstractTransferListenerAdapter - Downloading https://repo.maven.apache.org/maven2/org/sonatype/sisu/sisu-guice/2.1.7/sisu-guice-2.1.7-noaop.jar
2026-08-17 11:31:36,275 [BasicRepositoryConnector-repo.maven.apache.org-2-3] INFO  o.e.m.c.i.e.AbstractTransferListenerAdapter - Downloaded https://repo.maven.apache.org/maven2/org/sonatype/sisu/sisu-inject-bean/1.4.2/sisu-inject-bean-1.4.2.jar
2026-08-17 11:31:36,313 [BasicRepositoryConnector-repo.maven.apache.org-2-2] INFO  o.e.m.c.i.e.AbstractTransferListenerAdapter - Downloaded https://repo.maven.apache.org/maven2/org/sonatype/aether/aether-spi/1.7/aether-spi-1.7.jar
2026-08-17 11:31:36,321 [BasicRepositoryConnector-repo.maven.apache.org-2-4] INFO  o.e.m.c.i.e.AbstractTransferListenerAdapter - Downloaded https://repo.maven.apache.org/maven2/org/sonatype/sisu/sisu-guice/2.1.7/sisu-guice-2.1.7-noaop.jar
2026-08-17 11:31:36,334 [BasicRepositoryConnector-repo.maven.apache.org-2-3] INFO  o.e.m.c.i.e.AbstractTransferListenerAdapter - Downloading https://repo.maven.apache.org/maven2/org/codehaus/plexus/plexus-component-annotations/1.5.5/plexus-component-annotations-1.5.5.jar
2026-08-17 11:31:36,367 [BasicRepositoryConnector-repo.maven.apache.org-2-2] INFO  o.e.m.c.i.e.AbstractTransferListenerAdapter - Downloading https://repo.maven.apache.org/maven2/org/sonatype/plexus/plexus-sec-dispatcher/1.3/plexus-sec-dispatcher-1.3.jar
2026-08-17 11:31:36,379 [BasicRepositoryConnector-repo.maven.apache.org-2-4] INFO  o.e.m.c.i.e.AbstractTransferListenerAdapter - Downloading https://repo.maven.apache.org/maven2/org/sonatype/plexus/plexus-cipher/1.4/plexus-cipher-1.4.jar
2026-08-17 11:31:36,380 [BasicRepositoryConnector-repo.maven.apache.org-2-1] INFO  o.e.m.c.i.e.AbstractTransferListenerAdapter - Downloaded https://repo.maven.apache.org/maven2/org/apache/maven/maven-plugin-api/3.0/maven-plugin-api-3.0.jar
2026-08-17 11:31:36,408 [BasicRepositoryConnector-repo.maven.apache.org-2-3] INFO  o.e.m.c.i.e.AbstractTransferListenerAdapter - Downloaded https://repo.maven.apache.org/maven2/org/codehaus/plexus/plexus-component-annotations/1.5.5/plexus-component-annotations-1.5.5.jar
2026-08-17 11:31:36,545 [BasicRepositoryConnector-repo.maven.apache.org-2-4] INFO  o.e.m.c.i.e.AbstractTransferListenerAdapter - Downloaded https://repo.maven.apache.org/maven2/org/sonatype/plexus/plexus-cipher/1.4/plexus-cipher-1.4.jar
2026-08-17 11:31:36,693 [BasicRepositoryConnector-repo.maven.apache.org-2-2] INFO  o.e.m.c.i.e.AbstractTransferListenerAdapter - Downloaded https://repo.maven.apache.org/maven2/org/sonatype/plexus/plexus-sec-dispatcher/1.3/plexus-sec-dispatcher-1.3.jar
2026-08-17 11:31:36,850 [BasicRepositoryConnector-repo.maven.apache.org-2-0] INFO  o.e.m.c.i.e.AbstractTransferListenerAdapter - Downloaded https://repo.maven.apache.org/maven2/org/codehaus/plexus/plexus-classworlds/2.2.3/plexus-classworlds-2.2.3.jar
2026-08-17 11:31:37,868 [Worker-7: Creating maven-archetype-webapp] INFO  o.e.m.c.i.e.AbstractTransferListenerAdapter - Downloading https://repo.maven.apache.org/maven2/org/apache/commons/commons-lang3/3.12.0/commons-lang3-3.12.0.pom
2026-08-17 11:31:37,896 [Worker-7: Creating maven-archetype-webapp] INFO  o.e.m.c.i.e.AbstractTransferListenerAdapter - Downloaded https://repo.maven.apache.org/maven2/org/apache/commons/commons-lang3/3.12.0/commons-lang3-3.12.0.pom
2026-08-17 11:31:37,967 [Worker-7: Creating maven-archetype-webapp] INFO  o.e.m.c.i.e.AbstractTransferListenerAdapter - Downloading https://repo.maven.apache.org/maven2/org/junit/junit-bom/5.7.1/junit-bom-5.7.1.pom
2026-08-17 11:31:38,008 [Worker-7: Creating maven-archetype-webapp] INFO  o.e.m.c.i.e.AbstractTransferListenerAdapter - Downloaded https://repo.maven.apache.org/maven2/org/junit/junit-bom/5.7.1/junit-bom-5.7.1.pom
2026-08-17 11:31:38,085 [Worker-7: Creating maven-archetype-webapp] INFO  o.e.m.c.i.e.AbstractTransferListenerAdapter - Downloading https://repo.maven.apache.org/maven2/org/apache/commons/commons-lang3/3.12.0/commons-lang3-3.12.0.jar
2026-08-17 11:31:38,237 [Worker-7: Creating maven-archetype-webapp] INFO  o.e.m.c.i.e.AbstractTransferListenerAdapter - Downloaded https://repo.maven.apache.org/maven2/org/apache/commons/commons-lang3/3.12.0/commons-lang3-3.12.0.jar
2026-08-17 11:31:38,268 [Worker-7: Creating maven-archetype-webapp] INFO  o.e.m.j.i.AbstractJavaProjectConfigurator - Adding source folder /IOC/src/main/java
2026-08-17 11:31:38,271 [Worker-7: Creating maven-archetype-webapp] INFO  o.e.m.j.i.AbstractJavaProjectConfigurator - Adding resource folder /IOC/src/main/resources
2026-08-17 11:31:38,272 [Worker-7: Creating maven-archetype-webapp] INFO  o.e.m.j.i.AbstractJavaProjectConfigurator - Adding source folder /IOC/src/test/java
2026-08-17 11:31:38,272 [Worker-7: Creating maven-archetype-webapp] INFO  o.e.m.j.i.AbstractJavaProjectConfigurator - Adding resource folder /IOC/src/test/resources
2026-08-17 11:31:38,883 [Worker-11: Download sources and javadoc] INFO  o.e.m.c.i.e.AbstractTransferListenerAdapter - Downloading https://repo.maven.apache.org/maven2/junit/junit/4.13.1/junit-4.13.1-sources.jar
2026-08-17 11:31:38,985 [Worker-11: Download sources and javadoc] INFO  o.e.m.c.i.e.AbstractTransferListenerAdapter - Downloaded https://repo.maven.apache.org/maven2/junit/junit/4.13.1/junit-4.13.1-sources.jar
2026-08-17 11:31:38,997 [Worker-11: Download sources and javadoc] INFO  o.e.m.j.internal.DownloadSourcesJob - Downloaded sources for junit:junit:4.13.1
2026-08-17 11:31:39,125 [Worker-11: Download sources and javadoc] INFO  o.e.m.c.i.e.AbstractTransferListenerAdapter - Downloading https://repo.maven.apache.org/maven2/org/hamcrest/hamcrest-core/1.3/hamcrest-core-1.3-sources.jar
2026-08-17 11:31:39,986 [Worker-11: Download sources and javadoc] INFO  o.e.m.c.i.e.AbstractTransferListenerAdapter - Downloaded https://repo.maven.apache.org/maven2/org/hamcrest/hamcrest-core/1.3/hamcrest-core-1.3-sources.jar
2026-08-17 11:31:40,001 [Worker-11: Download sources and javadoc] INFO  o.e.m.j.internal.DownloadSourcesJob - Downloaded sources for org.hamcrest:hamcrest-core:1.3
2026-08-17 11:31:40,064 [Worker-7: Creating maven-archetype-webapp] WARN  o.apache.maven.project.MavenProject - Plugin is modifying compileSourceRoots through clear(), which will not work in Maven 4.0.0. Use MavenProject.addCompileSourceRoot()/removeCompileSourceRoot() methods instead. If using a plugin, please upgrade to the latest version or report the issue to the plugin maintainer. To disable these warnings, set -Dmaven.project.sourceRoots.warningsDisabled=true on the command line, in the .mvn/maven.config file, or in project POM properties.
2026-08-17 11:31:40,065 [Worker-7: Creating maven-archetype-webapp] WARN  o.apache.maven.project.MavenProject - Plugin is modifying compileSourceRoots through add(), which will not work in Maven 4.0.0. Use MavenProject.addCompileSourceRoot()/removeCompileSourceRoot() methods instead. If using a plugin, please upgrade to the latest version or report the issue to the plugin maintainer. To disable these warnings, set -Dmaven.project.sourceRoots.warningsDisabled=true on the command line, in the .mvn/maven.config file, or in project POM properties.
2026-08-17 11:31:40,065 [Worker-7: Creating maven-archetype-webapp] WARN  o.apache.maven.project.MavenProject - Plugin is modifying testCompileSourceRoots through clear(), which will not work in Maven 4.0.0. Use MavenProject.addTestCompileSourceRoot()/removeTestCompileSourceRoot() methods instead. If using a plugin, please upgrade to the latest version or report the issue to the plugin maintainer. To disable these warnings, set -Dmaven.project.sourceRoots.warningsDisabled=true on the command line, in the .mvn/maven.config file, or in project POM properties.
2026-08-17 11:31:40,072 [Worker-7: Creating maven-archetype-webapp] WARN  o.apache.maven.project.MavenProject - Plugin is modifying testCompileSourceRoots through add(), which will not work in Maven 4.0.0. Use MavenProject.addTestCompileSourceRoot()/removeTestCompileSourceRoot() methods instead. If using a plugin, please upgrade to the latest version or report the issue to the plugin maintainer. To disable these warnings, set -Dmaven.project.sourceRoots.warningsDisabled=true on the command line, in the .mvn/maven.config file, or in project POM properties.
2026-08-17 11:31:40,116 [Worker-7: Creating maven-archetype-webapp] INFO  o.e.m.c.i.p.ProjectConfigurationManager - Imported and configured 1 project(s) in 23 sec
2026-08-17 11:31:40,974 [Worker-11: Building] INFO  o.a.m.s.f.DefaultMavenResourcesFiltering - skip non existing resourceDirectory D:\INDRA\IOC\src\main\resources
2026-08-17 11:31:40,977 [Worker-11: Building] INFO  o.a.m.s.f.DefaultMavenResourcesFiltering - skip non existing resourceDirectory D:\INDRA\IOC\src\test\resources
2026-08-17 11:31:41,413 [Worker-11: Building] WARN  o.apache.maven.project.MavenProject - Plugin is modifying compileSourceRoots through clear(), which will not work in Maven 4.0.0. Use MavenProject.addCompileSourceRoot()/removeCompileSourceRoot() methods instead. If using a plugin, please upgrade to the latest version or report the issue to the plugin maintainer. To disable these warnings, set -Dmaven.project.sourceRoots.warningsDisabled=true on the command line, in the .mvn/maven.config file, or in project POM properties.
2026-08-17 11:31:41,413 [Worker-11: Building] WARN  o.apache.maven.project.MavenProject - Plugin is modifying compileSourceRoots through add(), which will not work in Maven 4.0.0. Use MavenProject.addCompileSourceRoot()/removeCompileSourceRoot() methods instead. If using a plugin, please upgrade to the latest version or report the issue to the plugin maintainer. To disable these warnings, set -Dmaven.project.sourceRoots.warningsDisabled=true on the command line, in the .mvn/maven.config file, or in project POM properties.
2026-08-17 11:31:41,414 [Worker-11: Building] WARN  o.apache.maven.project.MavenProject - Plugin is modifying testCompileSourceRoots through clear(), which will not work in Maven 4.0.0. Use MavenProject.addTestCompileSourceRoot()/removeTestCompileSourceRoot() methods instead. If using a plugin, please upgrade to the latest version or report the issue to the plugin maintainer. To disable these warnings, set -Dmaven.project.sourceRoots.warningsDisabled=true on the command line, in the .mvn/maven.config file, or in project POM properties.
2026-08-17 11:31:41,414 [Worker-11: Building] WARN  o.apache.maven.project.MavenProject - Plugin is modifying testCompileSourceRoots through add(), which will not work in Maven 4.0.0. Use MavenProject.addTestCompileSourceRoot()/removeTestCompileSourceRoot() methods instead. If using a plugin, please upgrade to the latest version or report the issue to the plugin maintainer. To disable these warnings, set -Dmaven.project.sourceRoots.warningsDisabled=true on the command line, in the .mvn/maven.config file, or in project POM properties.
2026-08-17 11:44:51,455 [Worker-21: Building] INFO  o.a.m.s.f.DefaultMavenResourcesFiltering - skip non existing resourceDirectory D:\INDRA\IOC\src\main\resources
2026-08-17 11:44:51,457 [Worker-21: Building] INFO  o.a.m.s.f.DefaultMavenResourcesFiltering - skip non existing resourceDirectory D:\INDRA\IOC\src\test\resources
2026-08-17 11:44:51,461 [Worker-21: Building] WARN  o.apache.maven.project.MavenProject - Plugin is modifying compileSourceRoots through clear(), which will not work in Maven 4.0.0. Use MavenProject.addCompileSourceRoot()/removeCompileSourceRoot() methods instead. If using a plugin, please upgrade to the latest version or report the issue to the plugin maintainer. To disable these warnings, set -Dmaven.project.sourceRoots.warningsDisabled=true on the command line, in the .mvn/maven.config file, or in project POM properties.
2026-08-17 11:44:51,462 [Worker-21: Building] WARN  o.apache.maven.project.MavenProject - Plugin is modifying compileSourceRoots through add(), which will not work in Maven 4.0.0. Use MavenProject.addCompileSourceRoot()/removeCompileSourceRoot() methods instead. If using a plugin, please upgrade to the latest version or report the issue to the plugin maintainer. To disable these warnings, set -Dmaven.project.sourceRoots.warningsDisabled=true on the command line, in the .mvn/maven.config file, or in project POM properties.
2026-08-17 11:44:51,479 [Worker-21: Building] WARN  o.apache.maven.project.MavenProject - Plugin is modifying testCompileSourceRoots through clear(), which will not work in Maven 4.0.0. Use MavenProject.addTestCompileSourceRoot()/removeTestCompileSourceRoot() methods instead. If using a plugin, please upgrade to the latest version or report the issue to the plugin maintainer. To disable these warnings, set -Dmaven.project.sourceRoots.warningsDisabled=true on the command line, in the .mvn/maven.config file, or in project POM properties.
2026-08-17 11:44:51,480 [Worker-21: Building] WARN  o.apache.maven.project.MavenProject - Plugin is modifying testCompileSourceRoots through add(), which will not work in Maven 4.0.0. Use MavenProject.addTestCompileSourceRoot()/removeTestCompileSourceRoot() methods instead. If using a plugin, please upgrade to the latest version or report the issue to the plugin maintainer. To disable these warnings, set -Dmaven.project.sourceRoots.warningsDisabled=true on the command line, in the .mvn/maven.config file, or in project POM properties.
2026-08-17 11:46:09,097 [Worker-20: Building] INFO  o.a.m.s.f.DefaultMavenResourcesFiltering - skip non existing resourceDirectory D:\INDRA\IOC\src\main\resources
2026-08-17 11:46:09,100 [Worker-20: Building] INFO  o.a.m.s.f.DefaultMavenResourcesFiltering - skip non existing resourceDirectory D:\INDRA\IOC\src\test\resources
2026-08-17 11:46:09,101 [Worker-20: Building] WARN  o.apache.maven.project.MavenProject - Plugin is modifying compileSourceRoots through clear(), which will not work in Maven 4.0.0. Use MavenProject.addCompileSourceRoot()/removeCompileSourceRoot() methods instead. If using a plugin, please upgrade to the latest version or report the issue to the plugin maintainer. To disable these warnings, set -Dmaven.project.sourceRoots.warningsDisabled=true on the command line, in the .mvn/maven.config file, or in project POM properties.
2026-08-17 11:46:09,101 [Worker-20: Building] WARN  o.apache.maven.project.MavenProject - Plugin is modifying compileSourceRoots through add(), which will not work in Maven 4.0.0. Use MavenProject.addCompileSourceRoot()/removeCompileSourceRoot() methods instead. If using a plugin, please upgrade to the latest version or report the issue to the plugin maintainer. To disable these warnings, set -Dmaven.project.sourceRoots.warningsDisabled=true on the command line, in the .mvn/maven.config file, or in project POM properties.
2026-08-17 11:46:09,102 [Worker-20: Building] WARN  o.apache.maven.project.MavenProject - Plugin is modifying testCompileSourceRoots through clear(), which will not work in Maven 4.0.0. Use MavenProject.addTestCompileSourceRoot()/removeTestCompileSourceRoot() methods instead. If using a plugin, please upgrade to the latest version or report the issue to the plugin maintainer. To disable these warnings, set -Dmaven.project.sourceRoots.warningsDisabled=true on the command line, in the .mvn/maven.config file, or in project POM properties.
2026-08-17 11:46:09,102 [Worker-20: Building] WARN  o.apache.maven.project.MavenProject - Plugin is modifying testCompileSourceRoots through add(), which will not work in Maven 4.0.0. Use MavenProject.addTestCompileSourceRoot()/removeTestCompileSourceRoot() methods instead. If using a plugin, please upgrade to the latest version or report the issue to the plugin maintainer. To disable these warnings, set -Dmaven.project.sourceRoots.warningsDisabled=true on the command line, in the .mvn/maven.config file, or in project POM properties.
2026-08-17 11:46:53,890 [Worker-24: Building] INFO  o.a.m.s.f.DefaultMavenResourcesFiltering - skip non existing resourceDirectory D:\INDRA\IOC\src\main\resources
2026-08-17 11:46:53,903 [Worker-24: Building] INFO  o.a.m.s.f.DefaultMavenResourcesFiltering - skip non existing resourceDirectory D:\INDRA\IOC\src\test\resources
2026-08-17 11:46:53,905 [Worker-24: Building] WARN  o.apache.maven.project.MavenProject - Plugin is modifying compileSourceRoots through clear(), which will not work in Maven 4.0.0. Use MavenProject.addCompileSourceRoot()/removeCompileSourceRoot() methods instead. If using a plugin, please upgrade to the latest version or report the issue to the plugin maintainer. To disable these warnings, set -Dmaven.project.sourceRoots.warningsDisabled=true on the command line, in the .mvn/maven.config file, or in project POM properties.
2026-08-17 11:46:53,906 [Worker-24: Building] WARN  o.apache.maven.project.MavenProject - Plugin is modifying compileSourceRoots through add(), which will not work in Maven 4.0.0. Use MavenProject.addCompileSourceRoot()/removeCompileSourceRoot() methods instead. If using a plugin, please upgrade to the latest version or report the issue to the plugin maintainer. To disable these warnings, set -Dmaven.project.sourceRoots.warningsDisabled=true on the command line, in the .mvn/maven.config file, or in project POM properties.
2026-08-17 11:46:53,907 [Worker-24: Building] WARN  o.apache.maven.project.MavenProject - Plugin is modifying testCompileSourceRoots through clear(), which will not work in Maven 4.0.0. Use MavenProject.addTestCompileSourceRoot()/removeTestCompileSourceRoot() methods instead. If using a plugin, please upgrade to the latest version or report the issue to the plugin maintainer. To disable these warnings, set -Dmaven.project.sourceRoots.warningsDisabled=true on the command line, in the .mvn/maven.config file, or in project POM properties.
2026-08-17 11:46:53,909 [Worker-24: Building] WARN  o.apache.maven.project.MavenProject - Plugin is modifying testCompileSourceRoots through add(), which will not work in Maven 4.0.0. Use MavenProject.addTestCompileSourceRoot()/removeTestCompileSourceRoot() methods instead. If using a plugin, please upgrade to the latest version or report the issue to the plugin maintainer. To disable these warnings, set -Dmaven.project.sourceRoots.warningsDisabled=true on the command line, in the .mvn/maven.config file, or in project POM properties.
2026-08-17 11:47:05,683 [Worker-24: Building] INFO  o.a.m.s.f.DefaultMavenResourcesFiltering - skip non existing resourceDirectory D:\INDRA\IOC\src\main\resources
2026-08-17 11:47:05,686 [Worker-24: Building] INFO  o.a.m.s.f.DefaultMavenResourcesFiltering - skip non existing resourceDirectory D:\INDRA\IOC\src\test\resources
2026-08-17 11:47:05,687 [Worker-24: Building] WARN  o.apache.maven.project.MavenProject - Plugin is modifying compileSourceRoots through clear(), which will not work in Maven 4.0.0. Use MavenProject.addCompileSourceRoot()/removeCompileSourceRoot() methods instead. If using a plugin, please upgrade to the latest version or report the issue to the plugin maintainer. To disable these warnings, set -Dmaven.project.sourceRoots.warningsDisabled=true on the command line, in the .mvn/maven.config file, or in project POM properties.
2026-08-17 11:47:05,687 [Worker-24: Building] WARN  o.apache.maven.project.MavenProject - Plugin is modifying compileSourceRoots through add(), which will not work in Maven 4.0.0. Use MavenProject.addCompileSourceRoot()/removeCompileSourceRoot() methods instead. If using a plugin, please upgrade to the latest version or report the issue to the plugin maintainer. To disable these warnings, set -Dmaven.project.sourceRoots.warningsDisabled=true on the command line, in the .mvn/maven.config file, or in project POM properties.
2026-08-17 11:47:05,688 [Worker-24: Building] WARN  o.apache.maven.project.MavenProject - Plugin is modifying testCompileSourceRoots through clear(), which will not work in Maven 4.0.0. Use MavenProject.addTestCompileSourceRoot()/removeTestCompileSourceRoot() methods instead. If using a plugin, please upgrade to the latest version or report the issue to the plugin maintainer. To disable these warnings, set -Dmaven.project.sourceRoots.warningsDisabled=true on the command line, in the .mvn/maven.config file, or in project POM properties.
2026-08-17 11:47:05,688 [Worker-24: Building] WARN  o.apache.maven.project.MavenProject - Plugin is modifying testCompileSourceRoots through add(), which will not work in Maven 4.0.0. Use MavenProject.addTestCompileSourceRoot()/removeTestCompileSourceRoot() methods instead. If using a plugin, please upgrade to the latest version or report the issue to the plugin maintainer. To disable these warnings, set -Dmaven.project.sourceRoots.warningsDisabled=true on the command line, in the .mvn/maven.config file, or in project POM properties.
2026-08-17 12:01:00,355 [Worker-23: Building] INFO  o.a.m.s.f.DefaultMavenResourcesFiltering - skip non existing resourceDirectory D:\INDRA\IOC\src\main\resources
2026-08-17 12:01:00,358 [Worker-23: Building] INFO  o.a.m.s.f.DefaultMavenResourcesFiltering - skip non existing resourceDirectory D:\INDRA\IOC\src\test\resources
2026-08-17 12:01:00,362 [Worker-23: Building] WARN  o.apache.maven.project.MavenProject - Plugin is modifying compileSourceRoots through clear(), which will not work in Maven 4.0.0. Use MavenProject.addCompileSourceRoot()/removeCompileSourceRoot() methods instead. If using a plugin, please upgrade to the latest version or report the issue to the plugin maintainer. To disable these warnings, set -Dmaven.project.sourceRoots.warningsDisabled=true on the command line, in the .mvn/maven.config file, or in project POM properties.
2026-08-17 12:01:00,363 [Worker-23: Building] WARN  o.apache.maven.project.MavenProject - Plugin is modifying compileSourceRoots through add(), which will not work in Maven 4.0.0. Use MavenProject.addCompileSourceRoot()/removeCompileSourceRoot() methods instead. If using a plugin, please upgrade to the latest version or report the issue to the plugin maintainer. To disable these warnings, set -Dmaven.project.sourceRoots.warningsDisabled=true on the command line, in the .mvn/maven.config file, or in project POM properties.
2026-08-17 12:01:00,364 [Worker-23: Building] WARN  o.apache.maven.project.MavenProject - Plugin is modifying testCompileSourceRoots through clear(), which will not work in Maven 4.0.0. Use MavenProject.addTestCompileSourceRoot()/removeTestCompileSourceRoot() methods instead. If using a plugin, please upgrade to the latest version or report the issue to the plugin maintainer. To disable these warnings, set -Dmaven.project.sourceRoots.warningsDisabled=true on the command line, in the .mvn/maven.config file, or in project POM properties.
2026-08-17 12:01:00,388 [Worker-23: Building] WARN  o.apache.maven.project.MavenProject - Plugin is modifying testCompileSourceRoots through add(), which will not work in Maven 4.0.0. Use MavenProject.addTestCompileSourceRoot()/removeTestCompileSourceRoot() methods instead. If using a plugin, please upgrade to the latest version or report the issue to the plugin maintainer. To disable these warnings, set -Dmaven.project.sourceRoots.warningsDisabled=true on the command line, in the .mvn/maven.config file, or in project POM properties.
2026-08-17 12:14:23,528 [Worker-28: Building] INFO  o.a.m.s.f.DefaultMavenResourcesFiltering - skip non existing resourceDirectory D:\INDRA\IOC\src\main\resources
2026-08-17 12:14:23,530 [Worker-28: Building] INFO  o.a.m.s.f.DefaultMavenResourcesFiltering - skip non existing resourceDirectory D:\INDRA\IOC\src\test\resources
2026-08-17 12:14:23,531 [Worker-28: Building] WARN  o.apache.maven.project.MavenProject - Plugin is modifying compileSourceRoots through clear(), which will not work in Maven 4.0.0. Use MavenProject.addCompileSourceRoot()/removeCompileSourceRoot() methods instead. If using a plugin, please upgrade to the latest version or report the issue to the plugin maintainer. To disable these warnings, set -Dmaven.project.sourceRoots.warningsDisabled=true on the command line, in the .mvn/maven.config file, or in project POM properties.
2026-08-17 12:14:23,531 [Worker-28: Building] WARN  o.apache.maven.project.MavenProject - Plugin is modifying compileSourceRoots through add(), which will not work in Maven 4.0.0. Use MavenProject.addCompileSourceRoot()/removeCompileSourceRoot() methods instead. If using a plugin, please upgrade to the latest version or report the issue to the plugin maintainer. To disable these warnings, set -Dmaven.project.sourceRoots.warningsDisabled=true on the command line, in the .mvn/maven.config file, or in project POM properties.
2026-08-17 12:14:23,532 [Worker-28: Building] WARN  o.apache.maven.project.MavenProject - Plugin is modifying testCompileSourceRoots through clear(), which will not work in Maven 4.0.0. Use MavenProject.addTestCompileSourceRoot()/removeTestCompileSourceRoot() methods instead. If using a plugin, please upgrade to the latest version or report the issue to the plugin maintainer. To disable these warnings, set -Dmaven.project.sourceRoots.warningsDisabled=true on the command line, in the .mvn/maven.config file, or in project POM properties.
2026-08-17 12:14:23,532 [Worker-28: Building] WARN  o.apache.maven.project.MavenProject - Plugin is modifying testCompileSourceRoots through add(), which will not work in Maven 4.0.0. Use MavenProject.addTestCompileSourceRoot()/removeTestCompileSourceRoot() methods instead. If using a plugin, please upgrade to the latest version or report the issue to the plugin maintainer. To disable these warnings, set -Dmaven.project.sourceRoots.warningsDisabled=true on the command line, in the .mvn/maven.config file, or in project POM properties.
2026-08-17 12:15:00,263 [Worker-32: Building] INFO  o.e.m.c.i.l.LifecycleMappingFactory - Using org.maven.ide.eclipse.wtp.WarLifecycleMapping lifecycle mapping for MavenProject: org.example:IOC:0.0.1-SNAPSHOT @ D:\INDRA\IOC\pom.xml.
2026-08-17 12:15:00,587 [Worker-32: Building] INFO  o.e.m.c.i.e.AbstractTransferListenerAdapter - Downloading https://repo.maven.apache.org/maven2/org/springframework/spring-context/7.0.8/spring-context-7.0.8.pom
2026-08-17 12:15:00,606 [Worker-32: Building] INFO  o.e.m.c.i.e.AbstractTransferListenerAdapter - Downloaded https://repo.maven.apache.org/maven2/org/springframework/spring-context/7.0.8/spring-context-7.0.8.pom
2026-08-17 12:15:00,680 [Worker-32: Building] INFO  o.e.m.c.i.e.AbstractTransferListenerAdapter - Downloading https://repo.maven.apache.org/maven2/org/springframework/spring-aop/7.0.8/spring-aop-7.0.8.pom
2026-08-17 12:15:00,709 [Worker-32: Building] INFO  o.e.m.c.i.e.AbstractTransferListenerAdapter - Downloaded https://repo.maven.apache.org/maven2/org/springframework/spring-aop/7.0.8/spring-aop-7.0.8.pom
2026-08-17 12:15:00,784 [Worker-32: Building] INFO  o.e.m.c.i.e.AbstractTransferListenerAdapter - Downloading https://repo.maven.apache.org/maven2/org/springframework/spring-beans/7.0.8/spring-beans-7.0.8.pom
2026-08-17 12:15:00,833 [Worker-32: Building] INFO  o.e.m.c.i.e.AbstractTransferListenerAdapter - Downloaded https://repo.maven.apache.org/maven2/org/springframework/spring-beans/7.0.8/spring-beans-7.0.8.pom
2026-08-17 12:15:00,906 [Worker-32: Building] INFO  o.e.m.c.i.e.AbstractTransferListenerAdapter - Downloading https://repo.maven.apache.org/maven2/org/springframework/spring-core/7.0.8/spring-core-7.0.8.pom
2026-08-17 12:15:00,975 [Worker-32: Building] INFO  o.e.m.c.i.e.AbstractTransferListenerAdapter - Downloaded https://repo.maven.apache.org/maven2/org/springframework/spring-core/7.0.8/spring-core-7.0.8.pom
2026-08-17 12:15:01,038 [Worker-32: Building] INFO  o.e.m.c.i.e.AbstractTransferListenerAdapter - Downloading https://repo.maven.apache.org/maven2/commons-logging/commons-logging/1.3.5/commons-logging-1.3.5.pom
2026-08-17 12:15:01,075 [Worker-32: Building] INFO  o.e.m.c.i.e.AbstractTransferListenerAdapter - Downloaded https://repo.maven.apache.org/maven2/commons-logging/commons-logging/1.3.5/commons-logging-1.3.5.pom
2026-08-17 12:15:01,145 [Worker-32: Building] INFO  o.e.m.c.i.e.AbstractTransferListenerAdapter - Downloading https://repo.maven.apache.org/maven2/org/apache/commons/commons-parent/81/commons-parent-81.pom
2026-08-17 12:15:01,191 [Worker-32: Building] INFO  o.e.m.c.i.e.AbstractTransferListenerAdapter - Downloaded https://repo.maven.apache.org/maven2/org/apache/commons/commons-parent/81/commons-parent-81.pom
2026-08-17 12:15:01,290 [Worker-32: Building] INFO  o.e.m.c.i.e.AbstractTransferListenerAdapter - Downloading https://repo.maven.apache.org/maven2/org/jspecify/jspecify/1.0.0/jspecify-1.0.0.pom
2026-08-17 12:15:01,315 [Worker-32: Building] INFO  o.e.m.c.i.e.AbstractTransferListenerAdapter - Downloaded https://repo.maven.apache.org/maven2/org/jspecify/jspecify/1.0.0/jspecify-1.0.0.pom
2026-08-17 12:15:01,408 [Worker-32: Building] INFO  o.e.m.c.i.e.AbstractTransferListenerAdapter - Downloading https://repo.maven.apache.org/maven2/org/springframework/spring-expression/7.0.8/spring-expression-7.0.8.pom
2026-08-17 12:15:01,436 [Worker-32: Building] INFO  o.e.m.c.i.e.AbstractTransferListenerAdapter - Downloaded https://repo.maven.apache.org/maven2/org/springframework/spring-expression/7.0.8/spring-expression-7.0.8.pom
2026-08-17 12:15:01,496 [Worker-32: Building] INFO  o.e.m.c.i.e.AbstractTransferListenerAdapter - Downloading https://repo.maven.apache.org/maven2/io/micrometer/micrometer-observation/1.16.6/micrometer-observation-1.16.6.pom
2026-08-17 12:15:01,521 [Worker-32: Building] INFO  o.e.m.c.i.e.AbstractTransferListenerAdapter - Downloaded https://repo.maven.apache.org/maven2/io/micrometer/micrometer-observation/1.16.6/micrometer-observation-1.16.6.pom
2026-08-17 12:15:01,585 [Worker-32: Building] INFO  o.e.m.c.i.e.AbstractTransferListenerAdapter - Downloading https://repo.maven.apache.org/maven2/io/micrometer/micrometer-commons/1.16.6/micrometer-commons-1.16.6.pom
2026-08-17 12:15:01,612 [Worker-32: Building] INFO  o.e.m.c.i.e.AbstractTransferListenerAdapter - Downloaded https://repo.maven.apache.org/maven2/io/micrometer/micrometer-commons/1.16.6/micrometer-commons-1.16.6.pom
2026-08-17 12:15:01,702 [Worker-32: Building] INFO  o.e.m.c.i.e.AbstractTransferListenerAdapter - Downloading https://repo.maven.apache.org/maven2/org/springframework/spring-context/7.0.8/spring-context-7.0.8.jar
2026-08-17 12:15:01,903 [Worker-32: Building] INFO  o.e.m.c.i.e.AbstractTransferListenerAdapter - Downloaded https://repo.maven.apache.org/maven2/org/springframework/spring-context/7.0.8/spring-context-7.0.8.jar
2026-08-17 12:15:01,948 [BasicRepositoryConnector-repo.maven.apache.org-3-0] INFO  o.e.m.c.i.e.AbstractTransferListenerAdapter - Downloading https://repo.maven.apache.org/maven2/org/springframework/spring-aop/7.0.8/spring-aop-7.0.8.jar
2026-08-17 12:15:01,983 [BasicRepositoryConnector-repo.maven.apache.org-3-0] INFO  o.e.m.c.i.e.AbstractTransferListenerAdapter - Downloaded https://repo.maven.apache.org/maven2/org/springframework/spring-aop/7.0.8/spring-aop-7.0.8.jar
2026-08-17 12:15:02,025 [BasicRepositoryConnector-repo.maven.apache.org-3-0] INFO  o.e.m.c.i.e.AbstractTransferListenerAdapter - Downloading https://repo.maven.apache.org/maven2/commons-logging/commons-logging/1.3.5/commons-logging-1.3.5.jar
2026-08-17 12:15:02,025 [BasicRepositoryConnector-repo.maven.apache.org-3-1] INFO  o.e.m.c.i.e.AbstractTransferListenerAdapter - Downloading https://repo.maven.apache.org/maven2/org/springframework/spring-expression/7.0.8/spring-expression-7.0.8.jar
2026-08-17 12:15:02,032 [BasicRepositoryConnector-repo.maven.apache.org-3-2] INFO  o.e.m.c.i.e.AbstractTransferListenerAdapter - Downloading https://repo.maven.apache.org/maven2/io/micrometer/micrometer-observation/1.16.6/micrometer-observation-1.16.6.jar
2026-08-17 12:15:02,035 [BasicRepositoryConnector-repo.maven.apache.org-3-4] INFO  o.e.m.c.i.e.AbstractTransferListenerAdapter - Downloading https://repo.maven.apache.org/maven2/org/springframework/spring-core/7.0.8/spring-core-7.0.8.jar
2026-08-17 12:15:02,038 [BasicRepositoryConnector-repo.maven.apache.org-3-3] INFO  o.e.m.c.i.e.AbstractTransferListenerAdapter - Downloading https://repo.maven.apache.org/maven2/io/micrometer/micrometer-commons/1.16.6/micrometer-commons-1.16.6.jar
2026-08-17 12:15:02,064 [BasicRepositoryConnector-repo.maven.apache.org-3-0] INFO  o.e.m.c.i.e.AbstractTransferListenerAdapter - Downloaded https://repo.maven.apache.org/maven2/commons-logging/commons-logging/1.3.5/commons-logging-1.3.5.jar
2026-08-17 12:15:02,070 [BasicRepositoryConnector-repo.maven.apache.org-3-3] INFO  o.e.m.c.i.e.AbstractTransferListenerAdapter - Downloaded https://repo.maven.apache.org/maven2/io/micrometer/micrometer-commons/1.16.6/micrometer-commons-1.16.6.jar
2026-08-17 12:15:02,093 [BasicRepositoryConnector-repo.maven.apache.org-3-2] INFO  o.e.m.c.i.e.AbstractTransferListenerAdapter - Downloaded https://repo.maven.apache.org/maven2/io/micrometer/micrometer-observation/1.16.6/micrometer-observation-1.16.6.jar
2026-08-17 12:15:02,112 [BasicRepositoryConnector-repo.maven.apache.org-3-3] INFO  o.e.m.c.i.e.AbstractTransferListenerAdapter - Downloading https://repo.maven.apache.org/maven2/org/springframework/spring-beans/7.0.8/spring-beans-7.0.8.jar
2026-08-17 12:15:02,126 [BasicRepositoryConnector-repo.maven.apache.org-3-0] INFO  o.e.m.c.i.e.AbstractTransferListenerAdapter - Downloading https://repo.maven.apache.org/maven2/org/jspecify/jspecify/1.0.0/jspecify-1.0.0.jar
2026-08-17 12:15:02,127 [BasicRepositoryConnector-repo.maven.apache.org-3-1] INFO  o.e.m.c.i.e.AbstractTransferListenerAdapter - Downloaded https://repo.maven.apache.org/maven2/org/springframework/spring-expression/7.0.8/spring-expression-7.0.8.jar
2026-08-17 12:15:02,133 [BasicRepositoryConnector-repo.maven.apache.org-3-0] INFO  o.e.m.c.i.e.AbstractTransferListenerAdapter - Downloaded https://repo.maven.apache.org/maven2/org/jspecify/jspecify/1.0.0/jspecify-1.0.0.jar
2026-08-17 12:15:02,256 [BasicRepositoryConnector-repo.maven.apache.org-3-4] INFO  o.e.m.c.i.e.AbstractTransferListenerAdapter - Downloaded https://repo.maven.apache.org/maven2/org/springframework/spring-core/7.0.8/spring-core-7.0.8.jar
2026-08-17 12:15:02,261 [BasicRepositoryConnector-repo.maven.apache.org-3-3] INFO  o.e.m.c.i.e.AbstractTransferListenerAdapter - Downloaded https://repo.maven.apache.org/maven2/org/springframework/spring-beans/7.0.8/spring-beans-7.0.8.jar
2026-08-17 12:15:02,878 [Worker-32: Building] INFO  o.a.m.s.f.DefaultMavenResourcesFiltering - skip non existing resourceDirectory D:\INDRA\IOC\src\main\resources
2026-08-17 12:15:02,882 [Worker-32: Building] INFO  o.a.m.s.f.DefaultMavenResourcesFiltering - skip non existing resourceDirectory D:\INDRA\IOC\src\test\resources
2026-08-17 12:15:02,884 [Worker-32: Building] INFO  o.e.m.w.i.f.ResourceFilteringBuildParticipant - Changed resources require a complete clean of filtered resources of IOC
2026-08-17 12:15:02,884 [Worker-32: Building] INFO  o.e.m.w.i.f.ResourceFilteringBuildParticipant - Executing resource filtering for IOC
2026-08-17 12:15:02,896 [Worker-32: Building] WARN  o.apache.maven.project.MavenProject - Plugin is modifying compileSourceRoots through clear(), which will not work in Maven 4.0.0. Use MavenProject.addCompileSourceRoot()/removeCompileSourceRoot() methods instead. If using a plugin, please upgrade to the latest version or report the issue to the plugin maintainer. To disable these warnings, set -Dmaven.project.sourceRoots.warningsDisabled=true on the command line, in the .mvn/maven.config file, or in project POM properties.
2026-08-17 12:15:02,897 [Worker-32: Building] WARN  o.apache.maven.project.MavenProject - Plugin is modifying compileSourceRoots through add(), which will not work in Maven 4.0.0. Use MavenProject.addCompileSourceRoot()/removeCompileSourceRoot() methods instead. If using a plugin, please upgrade to the latest version or report the issue to the plugin maintainer. To disable these warnings, set -Dmaven.project.sourceRoots.warningsDisabled=true on the command line, in the .mvn/maven.config file, or in project POM properties.
2026-08-17 12:15:02,897 [Worker-32: Building] WARN  o.apache.maven.project.MavenProject - Plugin is modifying testCompileSourceRoots through clear(), which will not work in Maven 4.0.0. Use MavenProject.addTestCompileSourceRoot()/removeTestCompileSourceRoot() methods instead. If using a plugin, please upgrade to the latest version or report the issue to the plugin maintainer. To disable these warnings, set -Dmaven.project.sourceRoots.warningsDisabled=true on the command line, in the .mvn/maven.config file, or in project POM properties.
2026-08-17 12:15:02,897 [Worker-32: Building] WARN  o.apache.maven.project.MavenProject - Plugin is modifying testCompileSourceRoots through add(), which will not work in Maven 4.0.0. Use MavenProject.addTestCompileSourceRoot()/removeTestCompileSourceRoot() methods instead. If using a plugin, please upgrade to the latest version or report the issue to the plugin maintainer. To disable these warnings, set -Dmaven.project.sourceRoots.warningsDisabled=true on the command line, in the .mvn/maven.config file, or in project POM properties.
2026-08-17 12:15:03,629 [Worker-35: Download sources and javadoc] INFO  o.e.m.c.i.e.AbstractTransferListenerAdapter - Downloading https://repo.maven.apache.org/maven2/org/springframework/spring-context/7.0.8/spring-context-7.0.8-sources.jar
2026-08-17 12:15:03,846 [Worker-35: Download sources and javadoc] INFO  o.e.m.c.i.e.AbstractTransferListenerAdapter - Downloaded https://repo.maven.apache.org/maven2/org/springframework/spring-context/7.0.8/spring-context-7.0.8-sources.jar
2026-08-17 12:15:03,860 [Worker-35: Download sources and javadoc] INFO  o.e.m.j.internal.DownloadSourcesJob - Downloaded sources for org.springframework:spring-context:7.0.8
2026-08-17 12:15:04,001 [Worker-35: Download sources and javadoc] INFO  o.e.m.c.i.e.AbstractTransferListenerAdapter - Downloading https://repo.maven.apache.org/maven2/org/springframework/spring-aop/7.0.8/spring-aop-7.0.8-sources.jar
2026-08-17 12:15:04,105 [Worker-35: Download sources and javadoc] INFO  o.e.m.c.i.e.AbstractTransferListenerAdapter - Downloaded https://repo.maven.apache.org/maven2/org/springframework/spring-aop/7.0.8/spring-aop-7.0.8-sources.jar
2026-08-17 12:15:04,118 [Worker-35: Download sources and javadoc] INFO  o.e.m.j.internal.DownloadSourcesJob - Downloaded sources for org.springframework:spring-aop:7.0.8
2026-08-17 12:15:04,234 [Worker-35: Download sources and javadoc] INFO  o.e.m.c.i.e.AbstractTransferListenerAdapter - Downloading https://repo.maven.apache.org/maven2/org/springframework/spring-expression/7.0.8/spring-expression-7.0.8-sources.jar
2026-08-17 12:15:04,335 [Worker-35: Download sources and javadoc] INFO  o.e.m.c.i.e.AbstractTransferListenerAdapter - Downloaded https://repo.maven.apache.org/maven2/org/springframework/spring-expression/7.0.8/spring-expression-7.0.8-sources.jar
2026-08-17 12:15:04,349 [Worker-35: Download sources and javadoc] INFO  o.e.m.j.internal.DownloadSourcesJob - Downloaded sources for org.springframework:spring-expression:7.0.8
2026-08-17 12:15:04,465 [Worker-35: Download sources and javadoc] INFO  o.e.m.c.i.e.AbstractTransferListenerAdapter - Downloading https://repo.maven.apache.org/maven2/io/micrometer/micrometer-observation/1.16.6/micrometer-observation-1.16.6-sources.jar
2026-08-17 12:15:04,561 [Worker-35: Download sources and javadoc] INFO  o.e.m.c.i.e.AbstractTransferListenerAdapter - Downloaded https://repo.maven.apache.org/maven2/io/micrometer/micrometer-observation/1.16.6/micrometer-observation-1.16.6-sources.jar
2026-08-17 12:15:04,577 [Worker-35: Download sources and javadoc] INFO  o.e.m.j.internal.DownloadSourcesJob - Downloaded sources for io.micrometer:micrometer-observation:1.16.6
2026-08-17 12:15:04,699 [Worker-35: Download sources and javadoc] INFO  o.e.m.c.i.e.AbstractTransferListenerAdapter - Downloading https://repo.maven.apache.org/maven2/io/micrometer/micrometer-commons/1.16.6/micrometer-commons-1.16.6-sources.jar
2026-08-17 12:15:05,636 [Worker-35: Download sources and javadoc] INFO  o.e.m.c.i.e.AbstractTransferListenerAdapter - Downloaded https://repo.maven.apache.org/maven2/io/micrometer/micrometer-commons/1.16.6/micrometer-commons-1.16.6-sources.jar
2026-08-17 12:15:05,649 [Worker-35: Download sources and javadoc] INFO  o.e.m.j.internal.DownloadSourcesJob - Downloaded sources for io.micrometer:micrometer-commons:1.16.6
2026-08-17 12:15:05,786 [Worker-35: Download sources and javadoc] INFO  o.e.m.c.i.e.AbstractTransferListenerAdapter - Downloading https://repo.maven.apache.org/maven2/org/springframework/spring-core/7.0.8/spring-core-7.0.8-sources.jar
2026-08-17 12:15:05,969 [Worker-35: Download sources and javadoc] INFO  o.e.m.c.i.e.AbstractTransferListenerAdapter - Downloaded https://repo.maven.apache.org/maven2/org/springframework/spring-core/7.0.8/spring-core-7.0.8-sources.jar
2026-08-17 12:15:05,987 [Worker-35: Download sources and javadoc] INFO  o.e.m.j.internal.DownloadSourcesJob - Downloaded sources for org.springframework:spring-core:7.0.8
2026-08-17 12:15:06,103 [Worker-35: Download sources and javadoc] INFO  o.e.m.c.i.e.AbstractTransferListenerAdapter - Downloading https://repo.maven.apache.org/maven2/commons-logging/commons-logging/1.3.5/commons-logging-1.3.5-sources.jar
2026-08-17 12:15:06,160 [Worker-35: Download sources and javadoc] INFO  o.e.m.c.i.e.AbstractTransferListenerAdapter - Downloaded https://repo.maven.apache.org/maven2/commons-logging/commons-logging/1.3.5/commons-logging-1.3.5-sources.jar
2026-08-17 12:15:06,172 [Worker-35: Download sources and javadoc] INFO  o.e.m.j.internal.DownloadSourcesJob - Downloaded sources for commons-logging:commons-logging:1.3.5
2026-08-17 12:15:06,301 [Worker-35: Download sources and javadoc] INFO  o.e.m.c.i.e.AbstractTransferListenerAdapter - Downloading https://repo.maven.apache.org/maven2/org/jspecify/jspecify/1.0.0/jspecify-1.0.0-sources.jar
2026-08-17 12:15:06,495 [Worker-35: Download sources and javadoc] INFO  o.e.m.c.i.e.AbstractTransferListenerAdapter - Downloaded https://repo.maven.apache.org/maven2/org/jspecify/jspecify/1.0.0/jspecify-1.0.0-sources.jar
2026-08-17 12:15:06,518 [Worker-35: Download sources and javadoc] INFO  o.e.m.j.internal.DownloadSourcesJob - Downloaded sources for org.jspecify:jspecify:1.0.0
2026-08-17 12:15:06,645 [Worker-35: Download sources and javadoc] INFO  o.e.m.c.i.e.AbstractTransferListenerAdapter - Downloading https://repo.maven.apache.org/maven2/org/springframework/spring-beans/7.0.8/spring-beans-7.0.8-sources.jar
2026-08-17 12:15:06,798 [Worker-35: Download sources and javadoc] INFO  o.e.m.c.i.e.AbstractTransferListenerAdapter - Downloaded https://repo.maven.apache.org/maven2/org/springframework/spring-beans/7.0.8/spring-beans-7.0.8-sources.jar
2026-08-17 12:15:06,811 [Worker-35: Download sources and javadoc] INFO  o.e.m.j.internal.DownloadSourcesJob - Downloaded sources for org.springframework:spring-beans:7.0.8
